code,name,ons_code,org_type,open_date,close_date,address,postcode,stp_id,regional_team_id
RYG,,,Unknown,,,,,,
RYY,,,Unknown,,,,,,
RYW,,,Unknown,,,,,,
NYF,,,Unknown,,,,,,
NCN,,,Unknown,,,,,,
NVK,,,Unknown,,,,,,
AKV,,,Unknown,,,,,,
RTV,,,Unknown,,,,,,
AJ3,,,Unknown,,,,,,
RXH,,,Unknown,,,,,,
Q45,,,Unknown,,,,,,
RJN,,,Unknown,,,,,,
NLE,,,Unknown,,,,,,
AJ9,,,Unknown,,,,,,
RAJ,,,Unknown,,,,,,
215,,,Unknown,,,,,,
RXK,,,Unknown,,,,,,
NL8,,,Unknown,,,,,,
RRV,,,Unknown,,,,,,
AND,,,Unknown,,,,,,
RY4,,,Unknown,,,,,,
RY5,,,Unknown,,,,,,
RY2,,,Unknown,,,,,,
RW5,,,Unknown,,,,,,
NTV,,,Unknown,,,,,,
AQM,,,Unknown,,,,,,
RWE,,,Unknown,,,,,,
RA9,,,Unknown,,,,,,
704,,,Unknown,,,,,,
RGR,,,Unknown,,,,,,
ARF,,,Unknown,,,,,,
ARG,,,Unknown,,,,,,
AJT,,,Unknown,,,,,,
Q60,,,Unknown,,,,,,
RLY,,,Unknown,,,,,,
NRX,,,Unknown,,,,,,
311,,,Unknown,,,,,,
508,,,Unknown,,,,,,
NLW,,,Unknown,,,,,,
RYJ,,,Unknown,,,,,,
109,,,Unknown,,,,,,
106,,,Unknown,,,,,,
107,,,Unknown,,,,,,
104,,,Unknown,,,,,,
905,,,Unknown,,,,,,
RLQ,,,Unknown,,,,,,
909,,,Unknown,,,,,,
RWN,,,Unknown,,,,,,
RWX,,,Unknown,,,,,,
NT4,,,Unknown,,,,,,
ALK,,,Unknown,,,,,,
AT0,,,Unknown,,,,,,
609,,,Unknown,,,,,,
DA8,,,Unknown,,,,,,
NTP,,,Unknown,,,,,,
AWH,,,Unknown,,,,,,
RW6,,,Unknown,,,,,,
NQH,,,Unknown,,,,,,
ATR,,,Unknown,,,,,,
RGQ,,,Unknown,,,,,,
Q47,,,Unknown,,,,,,
ARD,,,Unknown,,,,,,
Q63,,,Unknown,,,,,,
NNC,,,Unknown,,,,,,
RV9,,,Unknown,,,,,,
RCE,,,Unknown,,,,,,
615,,,Unknown,,,,,,
RH5,,,Unknown,,,,,,
RJ8,,,Unknown,,,,,,
RQ3,,,Unknown,,,,,,
723,,,Unknown,,,,,,
NO0,,,Unknown,,,,,,
NLO,,,Unknown,,,,,,
NQT,,,Unknown,,,,,,
RXE,,,Unknown,,,,,,
DAN,,,Unknown,,,,,,
DAA,,,Unknown,,,,,,
RTQ,,,Unknown,,,,,,
NQL,,,Unknown,,,,,,
NQ7,,,Unknown,,,,,,
13F,,,Unknown,,,,,,
RHA,,,Unknown,,,,,,
821,,,Unknown,,,,,,
RTD,,,Unknown,,,,,,
RTG,,,Unknown,,,,,,
RTF,,,Unknown,,,,,,
NLX,,,Unknown,,,,,,
RTR,,,Unknown,,,,,,
NLL,,,Unknown,,,,,,
NL1,,,Unknown,,,,,,
RFR,,,Unknown,,,,,,
RY8,,,Unknown,,,,,,
RY6,,,Unknown,,,,,,
RY7,,,Unknown,,,,,,
RMY,,,Unknown,,,,,,
RMC,,,Unknown,,,,,,
RM3,,,Unknown,,,,,,
AAR,,,Unknown,,,,,,
NR3,,,Unknown,,,,,,
RC3,,,Unknown,,,,,,
AAX,,,Unknown,,,,,,
NR5,,,Unknown,,,,,,
RPG,,,Unknown,,,,,,
325,,,Unknown,,,,,,
205,,,Unknown,,,,,,
RBZ,,,Unknown,,,,,,
209,,,Unknown,,,,,,
AA8,,,Unknown,,,,,,
NI3,,,Unknown,,,,,,
414,,,Unknown,,,,,,
413,,,Unknown,,,,,,
319,,,Unknown,,,,,,
313,,,Unknown,,,,,,
310,,,Unknown,,,,,,
RGD,,,Unknown,,,,,,
RN3,,,Unknown,,,,,,
NQV,,,Unknown,,,,,,
RNN,,,Unknown,,,,,,
RT2,,,Unknown,,,,,,
RY1,,,Unknown,,,,,,
DDC,,,Unknown,,,,,,
NPR,,,Unknown,,,,,,
NLG,,,Unknown,,,,,,
ALM,,,Unknown,,,,,,
RNA,,,Unknown,,,,,,
AJQ,,,Unknown,,,,,,
RWK,,,Unknown,,,,,,
NQA,,,Unknown,,,,,,
RNU,,,Unknown,,,,,,
NDJ,,,Unknown,,,,,,
NMS,,,Unknown,,,,,,
AE8,,,Unknown,,,,,,
RJ7,,,Unknown,,,,,,
RJ2,,,Unknown,,,,,,
RJ1,,,Unknown,,,,,,
RCD,,,Unknown,,,,,,
RCF,,,Unknown,,,,,,
RCB,,,Unknown,,,,,,
RJC,,,Unknown,,,,,,
216,,,Unknown,,,,,,
212,,,Unknown,,,,,,
NAG,,,Unknown,,,,,,
211,,,Unknown,,,,,,
218,,,Unknown,,,,,,
219,,,Unknown,,,,,,
RVJ,,,Unknown,,,,,,
RVR,,,Unknown,,,,,,
RVW,,,Unknown,,,,,,
RX3,,,Unknown,,,,,,
NNS,,,Unknown,,,,,,
RX4,,,Unknown,,,,,,
RXM,,,Unknown,,,,,,
RXA,,,Unknown,,,,,,
RXC,,,Unknown,,,,,,
RXG,,,Unknown,,,,,,
RV3,,,Unknown,,,,,,
RXQ,,,Unknown,,,,,,
RQX,,,Unknown,,,,,,
114,,,Unknown,,,,,,
117,,,Unknown,,,,,,
116,,,Unknown,,,,,,
111,,,Unknown,,,,,,
110,,,Unknown,,,,,,
113,,,Unknown,,,,,,
5A4,Havering,E16000002,PCT,,,,,,
NWE,,,Unknown,,,,,,
305,,,Unknown,,,,,,
R1F,,,Unknown,,,,,,
R1G,,,Unknown,,,,,,
R1D,,,Unknown,,,,,,
R1E,,,Unknown,,,,,,
R1C,,,Unknown,,,,,,
R1A,,,Unknown,,,,,,
R1J,,,Unknown,,,,,,
NEN,,,Unknown,,,,,,
ACD,,,Unknown,,,,,,
ACH,,,Unknown,,,,,,
RRF,,,Unknown,,,,,,
AD9,,,Unknown,,,,,,
ADT,,,Unknown,,,,,,
RDR,,,Unknown,,,,,,
AC2,,,Unknown,,,,,,
725,,,Unknown,,,,,,
AC6,,,Unknown,,,,,,
720,,,Unknown,,,,,,
480,,,Unknown,,,,,,
NKI,,,Unknown,,,,,,
RYF,,,Unknown,,,,,,
AH7,,,Unknown,,,,,,
RYX,,,Unknown,,,,,,
NYG,,,Unknown,,,,,,
Q52,,,Unknown,,,,,,
Q55,,,Unknown,,,,,,
Q56,,,Unknown,,,,,,
Q59,,,Unknown,,,,,,
RY3,,,Unknown,,,,,,
RW1,,,Unknown,,,,,,
AKQ,,,Unknown,,,,,,
RL4,,,Unknown,,,,,,
RE9,,,Unknown,,,,,,
613,,,Unknown,,,,,,
Q44,,,Unknown,,,,,,
322,,,Unknown,,,,,,
NVE,,,Unknown,,,,,,
NVC,,,Unknown,,,,,,
NDL,,,Unknown,,,,,,
NDA,,,Unknown,,,,,,
Q69,,,Unknown,,,,,,
Q65,,,Unknown,,,,,,
Q67,,,Unknown,,,,,,
RQ4,,,Unknown,,,,,,
NX1,,,Unknown,,,,,,
R1K,,,Unknown,,,,,,
ACV,,,Unknown,,,,,,
ADH,,,Unknown,,,,,,
5ZZ,,,Unknown,,,,,,
5ZT,,,Unknown,,,,,,
5ZU,,,Unknown,,,,,,
NHT,,,Unknown,,,,,,
RBL,,,Unknown,,,,,,
RRE,,,Unknown,,,,,,
RXL,,,Unknown,,,,,,
5ZX,,,Unknown,,,,,,
5ZW,,,Unknown,,,,,,
NW0,,,Unknown,,,,,,
5A5,Kingston,E16000003,PCT,,,,,,
5A7,Bromley,E16000004,PCT,,,,,,
5A8,Greenwich Teaching,E16000005,PCT,,,,,,
5A9,Barnet,E16000006,PCT,,,,,,
5AT,Hillingdon,E16000007,PCT,,,,,,
5C1,Enfield,E16000008,PCT,,,,,,
5C2,Barking and Dagenham,E16000009,PCT,,,,,,
5C3,City and Hackney Teaching,E16000010,PCT,,,,,,
5C4,Tower Hamlets,E16000011,PCT,,,,,,
5C5,Newham,E16000012,PCT,,,,,,
5C9,Haringey Teaching,E16000013,PCT,,,,,,
5CN,Herefordshire,E16000015,PCT,,,,,,
5CQ,Milton Keynes,E16000016,PCT,,,,,,
5D7,Newcastle,E16000017,PCT,,,,,,
5D8,North Tyneside,E16000018,PCT,,,,,,
5D9,Hartlepool,E16000019,PCT,,,,,,
5EF,North Lincolnshire,E16000021,PCT,,,,,,
5EM,Nottingham City,E16000022,PCT,,,,,,
5ET,Bassetlaw,E16000023,PCT,,,,,,
5F1,Plymouth Teaching,E16000024,PCT,,,,,,
5F5,Salford,E16000025,PCT,,,,,,
5F7,Stockport,E16000026,PCT,,,,,,
5FE,Portsmouth City Teaching,E16000027,PCT,,,,,,
5FL,Bath and North East Somerset,E16000028,PCT,,,,,,
5GC,Luton,E16000029,PCT,,,,,,
5H1,Hammersmith and Fulham,E16000030,PCT,,,,,,
5H8,Rotherham,E16000031,PCT,,,,,,
5HG,"Ashton, Leigh and Wigan",E16000032,PCT,,,,,,
5HP,Blackpool,E16000033,PCT,,,,,,
5HX,Ealing,E16000035,PCT,,,,,,
5HY,Hounslow,E16000036,PCT,,,,,,
5J2,Warrington,E16000037,PCT,,,,,,
5J4,Knowsley,E16000038,PCT,,,,,,
5J5,Oldham,E16000039,PCT,,,,,,
5J6,Calderdale,E16000040,PCT,,,,,,
R1H,,,Unknown,,,,,,
NKB,,,Unknown,,,,,,
RFS,,,Unknown,,,,,,
AXM,,,Unknown,,,,,,
NMG,,,Unknown,,,,,,
RX6,,,Unknown,,,,,,
AP2,,,Unknown,,,,,,
AYN,,,Unknown,,,,,,
RXX,,,Unknown,,,,,,
R1L,,,Unknown,,,,,,
RYA,,,Unknown,,,,,,
DG3,,,Unknown,,,,,,
NV6,,,Unknown,,,,,,
NWC,,,Unknown,,,,,,
DEC,,,Unknown,,,,,,
AJ6,,,Unknown,,,,,,
RM1,,,Unknown,,,,,,
AER,,,Unknown,,,,,,
DAY,,,Unknown,,,,,,
NLF,,,Unknown,,,,,,
DLA,,,Unknown,,,,,,
RTX,,,Unknown,,,,,,
AAV,,,Unknown,,,,,,
NNF,,,Unknown,,,,,,
DNE,,,Unknown,,,,,,
DKH,,,Unknown,,,,,,
NMK,,,Unknown,,,,,,
RCU,,,Unknown,,,,,,
RYK,,,Unknown,,,,,,
NEQ,,,Unknown,,,,,,
DNK,,,Unknown,,,,,,
DJT,,,Unknown,,,,,,
NWX,,,Unknown,,,,,,
RRU,,,Unknown,,,,,,
NFH,,,Unknown,,,,,,
ADN,,,Unknown,,,,,,
DQT,,,Unknown,,,,,,
DLD,,,Unknown,,,,,,
AXG,,,Unknown,,,,,,
NCR,,,Unknown,,,,,,
NMC,,,Unknown,,,,,,
NBF,,,Unknown,,,,,,
DL0,,,Unknown,,,,,,
RTK,,,Unknown,,,,,,
ADP,,,Unknown,,,,,,
DR3,,,Unknown,,,,,,
ACG,,,Unknown,,,,,,
RW4,,,Unknown,,,,,,
RX8,,,Unknown,,,,,,
DWA,,,Unknown,,,,,,
ATP,,,Unknown,,,,,,
NV3,,,Unknown,,,,,,
RK5,,,Unknown,,,,,,
NAX,,,Unknown,,,,,,
5JE,Barnsley,E16000042,PCT,,,,,,
5JX,Bury,E16000043,PCT,,,,,,
5K3,Swindon,E16000044,PCT,,,,,,
5K6,Harrow,E16000046,PCT,,,,,,
5K9,Croydon,E16000049,PCT,,,,,,
5KF,Gateshead,E16000050,PCT,,,,,,
5KL,Sunderland Teaching,E16000052,PCT,,,,,,
5KM,Middlesbrough,E16000053,PCT,,,,,,
5L3,Medway,E16000055,PCT,,,,,,
5LC,Westminster,E16000057,PCT,,,,,,
5LD,Lambeth,E16000058,PCT,,,,,,
5LE,Southwark,E16000059,PCT,,,,,,
5LG,Wandsworth,E16000061,PCT,,,,,,
5LH,Tameside and Glossop,E16000062,PCT,,,,,,
5M1,South Birmingham,E16000064,PCT,,,,,,
5M3,Walsall Teaching,E16000066,PCT,,,,,,
5M7,Sutton and Merton,E16000068,PCT,,,,,,
5M8,North Somerset,E16000069,PCT,,,,,,
5MX,Heart of Birmingham Teaching,E16000073,PCT,,,,,,
5N1,Leeds,E16000074,PCT,,,,,,
5N3,Wakefield District,E16000076,PCT,,,,,,
5N4,Sheffield,E16000077,PCT,,,,,,
5N6,Derbyshire County,E16000079,PCT,,,,,,
5N8,Nottinghamshire County Teaching,E16000081,PCT,,,,,,
5NA,Redbridge,E16000083,PCT,,,,,,
5NC,Waltham Forest,E16000084,PCT,,,,,,
5NE,Cumbria Teaching,E16000086,PCT,,,,,,
5NG,Central Lancashire,E16000088,PCT,,,,,,
5NJ,Sefton,E16000090,PCT,,,,,,
5NK,Wirral,E16000091,PCT,,,,,,
5NL,Liverpool,E16000092,PCT,,,,,,
5NN,Western Cheshire,E16000094,PCT,,,,,,
5NV,North Yorkshire and York,E16000099,PCT,,,,,,
5NX,Hull Teaching,E16000101,PCT,,,,,,
5P1,South East Essex,E16000103,PCT,,,,,,
5P2,Bedfordshire,E16000104,PCT,,,,,,
5P5,Surrey,E16000107,PCT,,,,,,
5P7,East Sussex Downs and Weald,E16000109,PCT,,,,,,
5P9,West Kent,E16000111,PCT,,,,,,
5PC,Leicester City,E16000113,PCT,,,,,,
5PD,Northamptonshire Teaching,E16000114,PCT,,,,,,
5PF,Sandwell,E16000116,PCT,,,,,,
5PH,North Staffordshire,E16000118,PCT,,,,,,
5PJ,Stoke on Trent,E16000119,PCT,,,,,,
5PL,Worcestershire,E16000121,PCT,,,,,,
5PM,Warwickshire,E16000122,PCT,,,,,,
5PP,Cambridgeshire,E16000124,PCT,,,,,,
5PQ,Norfolk,E16000125,PCT,,,,,,
5PT,Suffolk,E16000127,PCT,,,,,,
5PV,West Essex,E16000128,PCT,,,,,,
5PX,Mid Essex,E16000130,PCT,,,,,,
5QA,Eastern and Coastal Kent,E16000132,PCT,,,,,,
5QC,Hampshire,E16000133,PCT,,,,,,
5QE,Oxfordshire,E16000135,PCT,,,,,,
5QG,Berkshire East,E16000137,PCT,,,,,,
5QH,Gloucestershire,E16000138,PCT,,,,,,
5QK,Wiltshire,E16000140,PCT,,,,,,
5QL,Somerset,E16000141,PCT,,,,,,
5QQ,Devon,E16000145,PCT,,,,,,
5QR,Redcar and Cleveland,E16000146,PCT,,,,,,
5HQ,Bolton Teaching,E16000148,PCT,,,,,,
5QV,Hertfordshire,E16000150,PCT,,,,,,
5QW,Solihull,E16000151,PCT,,,,,,
5A3,South Gloucestershire,E16000001,PCT,,,,,,
5E1,Stockton-on-Tees Teaching,E16000020,PCT,,,,,,
5J9,Darlington,E16000041,PCT,,,,,,
5K7,Camden,E16000047,PCT,,,,,,
5MK,Telford and Wrekin,E16000071,PCT,,,,,,
5NQ,"Heywood, Middleton and Rochdale",E16000096,PCT,,,,,,
5QN,Bournemouth and Poole Teaching,E16000143,PCT,,,,,,
5K5,Brent Teaching,E16000045,PCT,,,,,,
5K8,Islington,E16000048,PCT,,,,,,
5KG,South Tyneside,E16000051,PCT,,,,,,
5L1,Southampton City,E16000054,PCT,,,,,,
5LA,Kensington and Chelsea,E16000056,PCT,,,,,,
5LF,Lewisham,E16000060,PCT,,,,,,
5LQ,Brighton and Hove City,E16000063,PCT,,,,,,
5M2,Shropshire County,E16000065,PCT,,,,,,
5M6,Richmond and Twickenham,E16000067,PCT,,,,,,
5MD,Coventry Teaching,E16000070,PCT,,,,,,
5MV,Wolverhampton City,E16000072,PCT,,,,,,
5N2,Kirklees,E16000075,PCT,,,,,,
5N5,Doncaster,E16000078,PCT,,,,,,
5N7,Derby City,E16000080,PCT,,,,,,
5N9,Lincolnshire Teaching,E16000082,PCT,,,,,,
5ND,County Durham,E16000085,PCT,,,,,,
5NF,North Lancashire Teaching,E16000087,PCT,,,,,,
5NH,East Lancashire Teaching,E16000089,PCT,,,,,,
5NM,Halton and St Helens,E16000093,PCT,,,,,,
5NP,Central and Eastern Cheshire,E16000095,PCT,,,,,,
5NR,Trafford,E16000097,PCT,,,,,,
5NW,East Riding of Yorkshire,E16000100,PCT,,,,,,
5NY,Bradford and Airedale Teaching,E16000102,PCT,,,,,,
5P6,West Sussex,E16000108,PCT,,,,,,
5P8,Hastings and Rother,E16000110,PCT,,,,,,
5PA,Leicestershire County and Rutland,E16000112,PCT,,,,,,
5PE,Dudley,E16000115,PCT,,,,,,
5PG,Birmingham East and North,E16000117,PCT,,,,,,
5PK,South Staffordshire,E16000120,PCT,,,,,,
5PN,Peterborough,E16000123,PCT,,,,,,
5PR,Great Yarmouth and Waveney,E16000126,PCT,,,,,,
5PW,North East Essex,E16000129,PCT,,,,,,
5PY,South West Essex,E16000131,PCT,,,,,,
5QD,Buckinghamshire,E16000134,PCT,,,,,,
5QF,Berkshire West,E16000136,PCT,,,,,,
5QJ,Bristol,E16000139,PCT,,,,,,
5QM,Dorset,E16000142,PCT,,,,,,
5QP,Cornwall and Isles of Scilly,E16000144,PCT,,,,,,
5QT,Isle of Wight National Health Service,E16000147,PCT,,,,,,
5NT,Manchester Teaching,E16000149,PCT,,,,,,
TAC,Northumberland,E17000001,PCT,,,,,,
TAK,Bexley,E17000002,PCT,,,,,,
TAL,Torbay,E17000003,PCT,,,,,,
TAN,North East Lincolnshire,E17000005,PCT,,,,,,
TAP,Blackburn with Darwen Teaching,E17000006,PCT,,,,,,
112,,,Unknown,,,,,,
RWW,,,Unknown,,,,,,
R0B,,,Unknown,,,,,,
DXV,,,Unknown,,,,,,
RH8,,,Unknown,,,,,,
ATK,,,Unknown,,,,,,
AVQ,,,Unknown,,,,,,
NV1,,,Unknown,,,,,,
RQ6,,,Unknown,,,,,,
AC0,,,Unknown,,,,,,
AXT,,,Unknown,,,,,,
DMH,,,Unknown,,,,,,
RDD,,,Unknown,,,,,,
RKL,,,Unknown,,,,,,
R0A,,,Unknown,,,,,,
RGP,,,Unknown,,,,,,
W2U3Z,NHS NORTH WEST LONDON,,CCG,2021-04-01 00:00:00+00:00,,"15 MARYLEBONE ROAD, LONDON",NW1 5JD,QRV,Y56
93C,NHS NORTH CENTRAL LONDON,,CCG,2020-04-01 00:00:00+00:00,,"2ND FLOOR, LAYCOCK STREET, LONDON, GREATER LONDON",N1 1TH,QMJ,Y56
36L,NHS SOUTH WEST LONDON,,CCG,2020-04-01 00:00:00+00:00,,"120 THE BROADWAY, LONDON, GREATER LONDON",SW19 1RH,QWE,Y56
14M,LONDON - H&J COMMISSIONING HUB,,Unknown,2017-04-01 00:00:00+00:00,,"C/O NHS COMMISSIONING BOARD, QUARRY HOUSE, QUARRY HILL, LEEDS, WEST YORKSHIRE",LS2 7UE,,Y56
13R,LONDON COMMISSIONING HUB,,Unknown,2013-04-01 00:00:00+00:00,,"C/O NHS COMMISIONING BOARD, QUARRY HOUSE, QUARRY HILL, LEEDS, WEST YORKSHIRE",LS2 7UE,,Y56
72Q,NHS SOUTH EAST LONDON,,CCG,2020-04-01 00:00:00+00:00,,"160 TOOLEY STREET, LONDON",SE1 2TZ,QKK,Y56
A3A8R,NHS NORTH EAST LONDON,,CCG,2021-04-01 00:00:00+00:00,,"UNEX TOWER, 5 STATION STREET, LONDON",E15 1DA,QMF,Y56
11N,NHS KERNOW,,CCG,2013-04-01 00:00:00+00:00,,"PART 2S CHY TREVAIL, BEACON TECHNOLOGY PARK, BODMIN, CORNWALL",PL31 2FR,QT6,Y58
14F,SOUTH WEST COMMISSIONING HUB,,Unknown,2015-04-01 00:00:00+00:00,,"C/O NHS ENGLAND, 1W09, 1ST FLOOR, QUARRY HOUSE, QUARRY HILL, LEEDS, WEST YORKSHIRE",LS2 7UE,,Y58
14T,SOUTH WEST - H&J COMMISSIONING HUB,,Unknown,2017-04-01 00:00:00+00:00,,"C/O NHS ENGLAND, 1W09, 1ST FLOOR, QUARRY HOUSE, QUARRY HILL, LEEDS, WEST YORKSHIRE",LS2 7UE,,Y58
11J,NHS DORSET,,CCG,2013-04-01 00:00:00+00:00,,"VESPASIAN HOUSE, BRIDPORT ROAD, DORCHESTER, DORSET",DT1 1TG,QVV,Y58
11M,NHS GLOUCESTERSHIRE,,CCG,2013-04-01 00:00:00+00:00,,"SANGER HOUSE, 5220 VALIANT COURT, GLOUCESTER BUSINESS PARK, BROCKWORT, GLOUCESTER",GL3 4FE,QR1,Y58
11X,NHS SOMERSET,,CCG,2013-04-01 00:00:00+00:00,,"WYNFORD HOUSE, LUFTON WAY, LUFTON, YEOVIL",BA22 8HR,QSL,Y58
15C,"NHS BRISTOL, NORTH SOMERSET AND SOUTH GLOUCESTERSHIRE",,CCG,2018-04-01 00:00:00+00:00,,"SOUTH PLAZA, MARLBOROUGH STREET, BRISTOL",BS1 3NX,QUY,Y58
92G,"NHS BATH AND NORTH EAST SOMERSET, SWINDON AND WILTSHIRE",,CCG,2020-04-01 00:00:00+00:00,,"JENNER HOUSE, AVON WAY, LANGLEY PARK, CHIPPENHAM",SN15 1GG,QOX,Y58
15N,NHS DEVON,,CCG,2019-04-01 00:00:00+00:00,,"COUNTY HALL, TOPSHAM ROAD, EXETER, DEVON",EX2 4QL,QJK,Y58
10R,NHS PORTSMOUTH,,CCG,2013-04-01 00:00:00+00:00,,"4TH FLOOR, 1 GUILDHALL SQUARE, PORTSMOUTH, HAMPSHIRE",PO1 2GJ,QRL,Y59
97T,SOUTH EAST - H&J COMMISSIONING HUB,,Unknown,2020-04-01 00:00:00+00:00,,"C/O NHS ENGLAND, 1W09, 1ST FLOOR, QUARRY HOUSE, QUARRY HILL, LEEDS",LS2 7UA,,Y59
97R,NHS EAST SUSSEX,,CCG,2020-04-01 00:00:00+00:00,,"36-38 FRIARS WALK, LEWES",BN7 2PB,QNX,Y59
D9Y0V,"NHS HAMPSHIRE, SOUTHAMPTON AND ISLE OF WIGHT",,CCG,2021-04-01 00:00:00+00:00,,"THE CASTLE, CASTLE AVENUE, WINCHESTER",SO23 8UJ,QRL,Y59
10Q,NHS OXFORDSHIRE,,CCG,2013-04-01 00:00:00+00:00,,"JUBILEE HOUSE, 5510 JOHN SMITH DRIVE, OXFORD BUSINESS PARK SOUTH, OXFORD",OX4 2LH,QU9,Y59
14G,SOUTH EAST COMMISSIONING HUB,,Unknown,2015-04-01 00:00:00+00:00,,"C/O NHS ENGLAND, 1W09, 1ST FLOOR, QUARRY HOUSE, QUARRY HILL, LEEDS, WEST YORKSHIRE",LS2 7UE,,Y59
09D,NHS BRIGHTON AND HOVE,,CCG,2013-04-01 00:00:00+00:00,,"HOVE TOWN HALL, NORTON ROAD, HOVE",BN3 4AH,QNX,Y59
D4U1Y,NHS FRIMLEY,,CCG,2021-04-01 00:00:00+00:00,,"HOSPITAL HILL, ALDERSHOT",GU11 1AY,QNQ,Y59
14Y,NHS BUCKINGHAMSHIRE,,CCG,2018-04-01 00:00:00+00:00,,"STUDY CENTRE, NEW COUNTY OFFICES, WALTON STREET, AYLESBURY",HP20 1UA,QU9,Y59
15A,NHS BERKSHIRE WEST,,CCG,2018-04-01 00:00:00+00:00,,"57-59 BATH ROAD, READING",RG30 2BA,QU9,Y59
70F,NHS WEST SUSSEX,,CCG,2020-04-01 00:00:00+00:00,,"WICKER HOUSE, HIGH STREET, WORTHING",BN11 1DJ,QNX,Y59
91Q,NHS KENT AND MEDWAY,,CCG,2020-04-01 00:00:00+00:00,,"WHARF HOUSE, MEDWAY WHARF ROAD, TONBRIDGE",TN9 1RE,QKS,Y59
92A,NHS SURREY HEARTLANDS,,CCG,2020-04-01 00:00:00+00:00,,"58 CHURCH STREET, WEYBRIDGE",KT13 8DP,QXU,Y59
03W,NHS EAST LEICESTERSHIRE AND RUTLAND,,CCG,2013-04-01 00:00:00+00:00,,"LEICESTERSHIRE COUNTY COUNCIL, ROOM 30 PEN LLOYD BUILDING, LEICESTER ROAD, GLENFIELD, LEICESTER, LEICESTERSHIRE",LE3 8TB,QK1,Y60
04V,NHS WEST LEICESTERSHIRE,,CCG,2013-04-01 00:00:00+00:00,,"ROOM 30 PEN LLOYD BUILDING, LEICESTER ROAD, GLENFIELD, LEICESTER, LEICESTERSHIRE",LE3 8TB,QK1,Y60
04Y,NHS CANNOCK CHASE,,CCG,2013-04-01 00:00:00+00:00,,"BLOCK D, BEECROFT COURT, BEECROFT ROAD, CANNOCK, STAFFORDSHIRE",WS11 1JP,QNC,Y60
M2L0M,"NHS SHROPSHIRE, TELFORD AND WREKIN",,CCG,2021-04-01 00:00:00+00:00,,"NHS TELFORD & WREKIN, HALESFIELD 6, TELFORD",TF7 4BF,QOC,Y60
05W,NHS STOKE ON TRENT,,CCG,2013-04-01 00:00:00+00:00,,"HERBERT MINTON BUILDING, 79 LONDON ROAD, STOKE-ON-TRENT, STAFFORDSHIRE",ST4 7PZ,QNC,Y60
14Q,MIDLANDS - H&J COMMISSIONING HUB,,Unknown,2017-04-01 00:00:00+00:00,,"C/O NHS ENGLAND, 1W09, FIRST FLOOR, QUARRY HOUSE, QUARRY HILL, LEEDS, WEST YORKSHIRE",LS2 7UE,,Y60
15E,NHS BIRMINGHAM AND SOLIHULL,,CCG,2018-04-01 00:00:00+00:00,,"FIRST FLOOR, WESLEYAN, COLMORE CIRCUS QUEENSWAY, BIRMINGHAM",B4 6AR,QHL,Y60
14A,MIDLANDS COMMISSIONING HUB,,Unknown,2015-04-01 00:00:00+00:00,,"C/O NHS ENGLAND, 1W09, 1ST FLOOR, QUARRY HOUSE, QUARRY HILL, LEEDS, WEST YORKSHIRE",LS2 7UE,,Y60
15M,NHS DERBY AND DERBYSHIRE,,CCG,2019-04-01 00:00:00+00:00,,"CARDINAL SQUARE, 10 NOTTINGHAM ROAD, DERBY, DERBYSHIRE",DE1 3QT,QJ2,Y60
04C,NHS LEICESTER CITY,,CCG,2013-04-01 00:00:00+00:00,,"ROOM 30 PEN LLOYD BUILDING, LEICESTER ROAD, GLENFIELD, LEICESTER, LEICESTERSHIRE",LE3 8TB,QK1,Y60
05V,NHS STAFFORD AND SURROUNDS,,CCG,2013-04-01 00:00:00+00:00,,"STAFFORDSHIRE PLACE 2, STAFFORD, STAFFORDSHIRE",ST16 2LP,QNC,Y60
05G,NHS NORTH STAFFORDSHIRE,,CCG,2013-04-01 00:00:00+00:00,,"MORSTON HOUSE, THE MIDWAY, NEWCASTLE, STAFFORDSHIRE",ST5 1QG,QNC,Y60
05Q,NHS SOUTH EAST STAFFORDSHIRE AND SEISDON PENINSULA,,CCG,2013-04-01 00:00:00+00:00,,"MERLIN HOUSE, BITTERSCOTE, ETCHELL ROAD, TAMWORTH, STAFFORDSHIRE",B78 3HF,QNC,Y60
05D,NHS EAST STAFFORDSHIRE,,CCG,2013-04-01 00:00:00+00:00,,"EDWIN HOUSE, SECOND AVENUE, CENTRUM ONE HUNDRED, BURTON-ON-TRENT, STAFFORDSHIRE",DE14 2WF,QNC,Y60
78H,NHS NORTHAMPTONSHIRE,,CCG,2020-04-01 00:00:00+00:00,,"KETTERING PARKWAY, KETTERING VENTURE PARK, KETTERING",NN15 6EY,QPM,Y60
52R,NHS NOTTINGHAM AND NOTTINGHAMSHIRE,,CCG,2020-04-01 00:00:00+00:00,,"BIRCH HOUSE, RANSOM WOOD BUSINESS PARK, SOUTHWELL ROAD WEST, MANSFIELD",NG21 0HJ,QT1,Y60
18C,NHS HEREFORDSHIRE AND WORCESTERSHIRE,,CCG,2020-04-01 00:00:00+00:00,,"KIRKHAM HOUSE, JOHN COMYN DRIVE, WORCESTER",WR3 7NS,QGH,Y60
D2P2L,NHS BLACK COUNTRY AND WEST BIRMINGHAM,,CCG,2021-04-01 00:00:00+00:00,,"CIVIC CENTRE, ST. PETERS SQUARE, WOLVERHAMPTON, WEST MIDLANDS",WV1 1SD,QUA,Y60
B2M3M,NHS COVENTRY AND WARWICKSHIRE,,CCG,2021-04-01 00:00:00+00:00,,"WESTGATE HOUSE, MARKET STREET, WARWICK",CV34 4DE,QWU,Y60
02Q,NHS BASSETLAW,,CCG,2013-04-01 00:00:00+00:00,,"RETFORD HOSPITAL, NORTH ROAD, RETFORD, NOTTINGHAMSHIRE",DN22 7XF,QT1,Y60
71E,NHS LINCOLNSHIRE,,CCG,2020-04-01 00:00:00+00:00,,"BRIDGE HOUSE, THE POINT, LIONS WAY, SLEAFORD",NG34 8GG,QJM,Y60
07G,NHS THURROCK,,CCG,2013-04-01 00:00:00+00:00,,"CIVIC OFFICES, NEW ROAD, GRAYS, ESSEX",RM17 6SL,QH8,Y61
99F,NHS CASTLE POINT AND ROCHFORD,,CCG,2013-04-01 00:00:00+00:00,,"PEARL HOUSE, 12 CASTLE ROAD, RAYLEIGH",SS6 7QF,QH8,Y61
14R,EAST OF ENGLAND - H&J COMMISSIONING HUB,,Unknown,2017-04-01 00:00:00+00:00,,"C/O NHS ENGLAND, 1W09, 1ST FLOOR, QUARRY HOUSE, QUARRY HILL, LEEDS, WEST YORKSHIRE",LS2 7UE,,Y61
99E,NHS BASILDON AND BRENTWOOD,,CCG,2013-04-01 00:00:00+00:00,,"PHOENIX HOUSE, CHRISTOPHER MARTIN ROAD, BASILDON",SS14 3HG,QH8,Y61
99G,NHS SOUTHEND,,CCG,2013-04-01 00:00:00+00:00,,"FLOOR 6, CIVIC CENTRE, VICTORIA AVENUE, SOUTHEND-ON-SEA, ESSEX",SS2 6EN,QH8,Y61
14E,EAST OF ENGLAND COMMISSIONING HUB,,Unknown,2015-04-01 00:00:00+00:00,,"C/O NHS ENGLAND, 1W09, 1ST FLOOR, QUARRY HOUSE, QUARRY HILL, LEEDS, WEST YORKSHIRE",LS2 7UE,,Y61
06N,NHS HERTS VALLEYS,,CCG,2013-04-01 00:00:00+00:00,,"THE FORUM, MARLOWES, HEMEL HEMPSTEAD",HP1 1DN,QM7,Y61
06T,NHS NORTH EAST ESSEX,,CCG,2013-04-01 00:00:00+00:00,,"ASPEN HOUSE, STEPHENSON ROAD, SEVERALLS BUSINESS PARK, COLCHESTER, ESSEX",CO4 9QR,QJG,Y61
07H,NHS WEST ESSEX,,CCG,2013-04-01 00:00:00+00:00,,"BUILDING 4, SPENCER CLOSE, ST MARGARET'S HOSPITAL, THE PLAIN, EPPING",CM16 6TN,QM7,Y61
06H,NHS CAMBRIDGESHIRE AND PETERBOROUGH,,CCG,2013-04-01 00:00:00+00:00,,"GEMINI HOUSE, 1 BARTHOLEMEWS WALK, ELY, CAMBRIDGESHIRE",CB7 4EA,QUE,Y61
06K,NHS EAST AND NORTH HERTFORDSHIRE,,CCG,2013-04-01 00:00:00+00:00,,"CHARTER HOUSE, PARKWAY, WELWYN GARDEN CITY, HERTFORDSHIRE",AL8 6JL,QM7,Y61
06L,NHS IPSWICH AND EAST SUFFOLK,,CCG,2013-04-01 00:00:00+00:00,,"ENDEAVOUR HOUSE, RUSSELL ROAD, IPSWICH",IP1 2BX,QJG,Y61
07K,NHS WEST SUFFOLK,,CCG,2013-04-01 00:00:00+00:00,,"WEST SUFFOLK HOUSE, WESTERN WAY, BURY ST. EDMUNDS, SUFFOLK",IP33 3YU,QJG,Y61
26A,NHS NORFOLK AND WAVENEY,,CCG,2020-04-01 00:00:00+00:00,,"LAKESIDE 400, OLD CHAPEL WAY, BROADLAND BUSINESS PARK, NORWICH",NR7 0WG,QMM,Y61
M1J4Y,"NHS BEDFORDSHIRE, LUTON AND MILTON KEYNES",,CCG,2021-04-01 00:00:00+00:00,,"PRIORY HOUSE, MONKS WALK, CHICKSANDS, SHEFFORD",SG17 5TQ,QHG,Y61
06Q,NHS MID ESSEX,,CCG,2013-04-01 00:00:00+00:00,,"WREN HOUSE, HEDGEROWS BUSINESS PARK, COLCHESTER ROAD, CHELMSFORD",CM2 5PF,QH8,Y61
00Q,NHS BLACKBURN WITH DARWEN,,CCG,2013-04-01 00:00:00+00:00,,"FUSION HOUSE, EVOLUTION PARK, HASLINGDEN ROAD, BLACKBURN, LANCASHIRE",BB1 2FD,QE1,Y62
01X,NHS ST HELENS,,CCG,2013-04-01 00:00:00+00:00,,"ST HELENS CHAMBER OF COMMERCE, SALISBURY STREET, CHALON WAY, ST. HELENS, MERSEYSIDE",WA10 1FY,QYG,Y62
00T,NHS BOLTON,,CCG,2013-04-01 00:00:00+00:00,,"ST PETERS HOUSE, SILVERWELL STREET, BOLTON",BL1 1PP,QOP,Y62
27T,NORTH WEST COMMISSIONING HUB,,Unknown,2020-04-01 00:00:00+00:00,,"C/O NHS ENGLAND, 1W09, 1ST FLOOR, QUARRY HOUSE, QUARRY HILL, LEEDS",LS2 7UA,,Y62
32T,NORTH WEST - H&J COMMISSIONING HUB,,Unknown,2020-04-01 00:00:00+00:00,,"C/O NHS ENGLAND, 1W09, 1ST FLOOR, QUARRY HOUSE, QUARRY HILL, LEEDS",LS2 7UA,,Y62
01J,NHS KNOWSLEY,,CCG,2013-04-01 00:00:00+00:00,,"NUTGROVE VILLA, WESTMORLAND ROAD, HUYTON, LIVERPOOL",L36 6GA,QYG,Y62
99A,NHS LIVERPOOL,,CCG,2013-04-01 00:00:00+00:00,,"2 RENSHAW STREET, LIVERPOOL",L1 2SA,QYG,Y62
12F,NHS WIRRAL,,CCG,2013-04-01 00:00:00+00:00,,"HAMILTON STREET, BIRKENHEAD",CH41 5AA,QYG,Y62
02H,NHS WIGAN BOROUGH,,CCG,2013-04-01 00:00:00+00:00,,"WIGAN LIFE CENTRE, COLLEGE AVENUE, WIGAN",WN1 1NJ,QOP,Y62
14L,NHS MANCHESTER,,CCG,2017-04-01 00:00:00+00:00,,"PARKWAY 3, PARKWAY BUSINESS CENTRE, PRINCESS ROAD, MANCHESTER, GREATER MANCHESTER",M14 7LU,QOP,Y62
01G,NHS SALFORD,,CCG,2013-04-01 00:00:00+00:00,,"SALFORD CIVIC CENTRE, CHORLEY ROAD, MANCHESTER, GREATER MANCHESTER",M27 5AW,QOP,Y62
01K,NHS MORECAMBE BAY,,CCG,2013-04-01 00:00:00+00:00,,"MOOR LANE MILLS, MOOR LANE, LANCASTER",LA1 1QD,QE1,Y62
02M,NHS FYLDE AND WYRE,,CCG,2013-04-01 00:00:00+00:00,,"THE STADIUM, SEASIDERS WAY, BLACKPOOL",FY1 6JX,QE1,Y62
00V,NHS BURY,,CCG,2013-04-01 00:00:00+00:00,,"TOWNSIDE PRIMARY CARE CENTRE, 1 KNOWSLEY PLACE, KNOWSLEY STREET, BURY, LANCASHIRE",BL9 0SN,QOP,Y62
00X,NHS CHORLEY AND SOUTH RIBBLE,,CCG,2013-04-01 00:00:00+00:00,,"CHORLEY HOUSE, LANCASHIRE ENTERPRISE BUSINESS PARK, CENTURION WAY, LEYLAND, LANCASHIRE",PR26 6TT,QE1,Y62
00Y,NHS OLDHAM,,CCG,2013-04-01 00:00:00+00:00,,"CIVIC CENTRE, WEST STREET, OLDHAM",OL1 1UT,QOP,Y62
00R,NHS BLACKPOOL,,CCG,2013-04-01 00:00:00+00:00,,"THE STADIUM, SEASIDERS WAY, BLACKPOOL",FY1 6JX,QE1,Y62
01D,"NHS HEYWOOD, MIDDLETON AND ROCHDALE",,CCG,2013-04-01 00:00:00+00:00,,"3RD FLOOR, NUMBER ONE RIVERSIDE, SMITH STREET, ROCHDALE",OL16 1XU,QOP,Y62
01F,NHS HALTON,,CCG,2013-04-01 00:00:00+00:00,,"FIRST FLOOR, RUNCORN TOWN HALL, HEATH ROAD, RUNCORN, CHESHIRE",WA7 5TD,QYG,Y62
01A,NHS EAST LANCASHIRE,,CCG,2013-04-01 00:00:00+00:00,,"WALSHAW HOUSE, REGENT STREET, NELSON",BB9 8AS,QE1,Y62
01T,NHS SOUTH SEFTON,,CCG,2013-04-01 00:00:00+00:00,,"3RD FLOOR, MERTON HOUSE, STANLEY ROAD, BOOTLE",L20 3DL,QYG,Y62
01V,NHS SOUTHPORT AND FORMBY,,CCG,2013-04-01 00:00:00+00:00,,"5 CURZON ROAD, SOUTHPORT, MERSEYSIDE",PR8 6PL,QYG,Y62
01W,NHS STOCKPORT,,CCG,2013-04-01 00:00:00+00:00,,"4TH FLOOR, STOPFORD HOUSE, STOCKPORT, CHESHIRE",SK1 3XE,QOP,Y62
01Y,NHS TAMESIDE AND GLOSSOP,,CCG,2013-04-01 00:00:00+00:00,,"TAMESIDE ONE, MARKET PLACE, ASHTON-UNDER-LYNE, GREATER MANCHESTER",OL6 6BH,QOP,Y62
02A,NHS TRAFFORD,,CCG,2013-04-01 00:00:00+00:00,,"1ST FLOOR TRAFFORD TOWN HALL, TALBOT ROAD, STRETFORD, MANCHESTER",M32 0TH,QOP,Y62
02E,NHS WARRINGTON,,CCG,2013-04-01 00:00:00+00:00,,"110 BIRCHWOOD BOULEVARD, BIRCHWOOD, WARRINGTON, CHESHIRE",WA3 7QH,QYG,Y62
02G,NHS WEST LANCASHIRE,,CCG,2013-04-01 00:00:00+00:00,,"HILLDALE, WIGAN ROAD, ORMSKIRK",L39 2JW,QE1,Y62
27D,NHS CHESHIRE,,CCG,2020-04-01 00:00:00+00:00,,"INFINITY HOUSE, MALLARD WAY, CREWE",CW1 6ZQ,QYG,Y62
01E,NHS GREATER PRESTON,,CCG,2013-04-01 00:00:00+00:00,,"CHORLEY HOUSE, LANCASHIRE ENTERPRISE BUSINESS PARK, CENTURION WAY, LEYLAND, LANCASHIRE",PR26 6TT,QE1,Y62
02P,NHS BARNSLEY,,CCG,2013-04-01 00:00:00+00:00,,"HILLDER HOUSE, 49-51 GAWBER ROAD, BARNSLEY",S75 2PY,QF7,Y63
13Q,NATIONAL COMMISSIONING HUB 1,,Unknown,2013-04-01 00:00:00+00:00,,"C/O NHS ENGLAND, 1W09, IST FLOOR, QUARRY HOUSE, QUARRY HILL, LEEDS, WEST YORKSHIRE",LS2 7UE,,Y63
03F,NHS HULL,,CCG,2013-04-01 00:00:00+00:00,,"WILBERFORCE COURT, ALFRED GELDER STREET, HULL",HU1 1UY,QOQ,Y63
99C,NHS NORTH TYNESIDE,,CCG,2013-04-01 00:00:00+00:00,,"12 HEDLEY COURT, ORION BUSINESS PARK, NORTH SHIELDS",NE29 7ST,QHM,Y63
15L,NATIONAL COMMISSIONING HUB 2,,Unknown,2018-04-01 00:00:00+00:00,,"C/O NHS ENGLAND, 1W09, IST FLOOR, QUARRY HOUSE, QUARRY HILL, LEEDS, WEST YORKSHIRE",LS2 7UE,,Y63
76A,NORTH EAST AND YORKSHIRE - H&J COMMISSIONING HUB,,Unknown,2020-04-01 00:00:00+00:00,,"C/O NHS ENGLAND, 1W09, 1ST FLOOR, QUARRY HOUSE, QUARRY HILL, LEEDS",LS2 7UA,,Y63
85J,NORTH EAST AND YORKSHIRE COMMISSIONING HUB,,Unknown,2020-04-01 00:00:00+00:00,,"C/O NHS ENGLAND, 1W09, 1ST FLOOR, QUARRY HOUSE, QUARRY HILL, LEEDS",LS2 7UA,,Y63
X2C4Y,NHS KIRKLEES,,CCG,2021-04-01 00:00:00+00:00,,"2ND FLOOR, NORWICH UNION HOUSE, 24 HIGH STREET, HUDDERSFIELD",HD1 2LR,QWO,Y63
84H,NHS COUNTY DURHAM,,CCG,2020-04-01 00:00:00+00:00,,"SALTERS LANE, SEDGEFIELD, STOCKTON-ON-TEES",TS21 3EE,QHM,Y63
03Q,NHS VALE OF YORK,,CCG,2013-04-01 00:00:00+00:00,,"WEST OFFICES, STATION RISE, YORK, NORTH YORKSHIRE",YO1 6GA,QOQ,Y63
03L,NHS ROTHERHAM,,CCG,2013-04-01 00:00:00+00:00,,"OAK HOUSE, MOORHEAD WAY, BRAMLEY, ROTHERHAM",S66 1YY,QF7,Y63
02X,NHS DONCASTER,,CCG,2013-04-01 00:00:00+00:00,,"SOVEREIGN HOUSE, HEAVENS WALK, DONCASTER",DN4 5HZ,QF7,Y63
03R,NHS WAKEFIELD,,CCG,2013-04-01 00:00:00+00:00,,"WHITE ROSE HOUSE, WEST PARADE, WAKEFIELD",WF1 1LT,QWO,Y63
13T,NHS NEWCASTLE GATESHEAD,,CCG,2014-11-26 00:00:00+00:00,,"RIVERSIDE HOUSE, GOLDCREST WAY, NEWCASTLE UPON TYNE",NE15 8NY,QHM,Y63
00N,NHS SOUTH TYNESIDE,,CCG,2013-04-01 00:00:00+00:00,,"MONKTON HALL, MONKTON LANE, MONKTON VILLAGE, JARROW",NE32 5NN,QHM,Y63
02T,NHS CALDERDALE,,CCG,2013-04-01 00:00:00+00:00,,"2ND FLOOR, WESTGATE HOUSE, WESTGATE, HALIFAX, WEST YORKSHIRE",HX1 1PW,QWO,Y63
03H,NHS NORTH EAST LINCOLNSHIRE,,CCG,2013-04-01 00:00:00+00:00,,"MUNICIPAL OFFICES, TOWN HALL SQUARE, GRIMSBY",DN31 1HU,QOQ,Y63
15F,NHS LEEDS,,CCG,2018-04-01 00:00:00+00:00,,"SUITES 2 - 4 WIRA HOUSE, RING ROAD, WEST PARK, LEEDS, WEST YORKSHIRE",LS16 6EB,QWO,Y63
00L,NHS NORTHUMBERLAND,,CCG,2013-04-01 00:00:00+00:00,,"THE RIVERGREEN CENTRE, ST. MARY LANE, ST. MARY PARK, MORPETH",NE61 6BL,QHM,Y63
01H,NHS NORTH CUMBRIA,,CCG,2013-04-01 00:00:00+00:00,,"4 WAVELL DRIVE, ROSEHILL INDUSTRIAL ESTATE, CARLISLE",CA1 2SE,QHM,Y63
02Y,NHS EAST RIDING OF YORKSHIRE,,CCG,2013-04-01 00:00:00+00:00,,"HEALTH HOUSE, GRANGE PARK LANE, WILLERBY, HULL",HU10 6DT,QOQ,Y63
16C,NHS TEES VALLEY,,CCG,2020-04-01 00:00:00+00:00,,"NORTH ORMESBY HEALTH VILLAGE, FIRST FLOOR, 14 TRINITY MEWS, NORTH ORMESBY, MIDDLESBROUGH, NORTH YORKSHIRE",TS3 6AL,QHM,Y63
00P,NHS SUNDERLAND,,CCG,2013-04-01 00:00:00+00:00,,"PEMBERTON HOUSE, COLIMA AVENUE, SUNDERLAND ENTERPRISE PARK, SUNDERLAND",SR5 3XB,QHM,Y63
03K,NHS NORTH LINCOLNSHIRE,,CCG,2013-04-01 00:00:00+00:00,,"THE HEALTH PLACE, WRAWBY ROAD, BRIGG",DN20 8GS,QOQ,Y63
03N,NHS SHEFFIELD,,CCG,2013-04-01 00:00:00+00:00,,"722 PRINCE OF WALES ROAD, DARNALL, SHEFFIELD",S9 4EU,QF7,Y63
36J,NHS BRADFORD DISTRICT AND CRAVEN,,CCG,2020-04-01 00:00:00+00:00,,"SCOREX HOUSE WEST, 1 BOLTON ROAD, BRADFORD, WEST YORKSHIRE",BD1 4AS,QWO,Y63
42D,NHS NORTH YORKSHIRE,,CCG,2020-04-01 00:00:00+00:00,,"1 GRIMBALD CRAG COURT, KNARESBOROUGH",HG5 8QB,QOQ,Y63
00W,NHS CENTRAL MANCHESTER,,CCG,2013-04-01 00:00:00+00:00,2017-03-31 00:00:00+00:00,"PARKWAY ONE, PARKWAY BUSINESS CENTRE, PRINCESS ROAD, MANCHESTER, GREATER MANCHESTER",M14 7LU,,
01M,NHS NORTH MANCHESTER,,CCG,2013-04-01 00:00:00+00:00,2017-03-31 00:00:00+00:00,"2ND FLOOR SILK MILL, HOLYOAK STREET, NEWTON HEATH, MANCHESTER, GREATER MANCHESTER",M40 1HA,,
01N,NHS SOUTH MANCHESTER,,CCG,2013-04-01 00:00:00+00:00,2017-03-31 00:00:00+00:00,"PARKWAY THREE, PARKWAY BUSINESS CENTRE, PRINCESS ROAD, MANCHESTER, GREATER MANCHESTER",M14 7LU,,
08X,NHS WANDSWORTH,,CCG,2013-04-01 00:00:00+00:00,2020-03-31 00:00:00+00:00,"1ST FLOOR, 73-75 UPPER RICHMOND ROAD, LONDON, GREATER LONDON",SW15 2SR,,Y56
08Q,NHS SOUTHWARK,,CCG,2013-04-01 00:00:00+00:00,2020-03-31 00:00:00+00:00,"160 TOOLEY STREET, LONDON, GREATER LONDON",SE1 2QH,,Y56
08T,NHS SUTTON,,CCG,2013-04-01 00:00:00+00:00,2020-03-31 00:00:00+00:00,"PRIORY CRESCENT, CHEAM, SUTTON, SURREY",SM3 8LR,,Y56
08K,NHS LAMBETH,,CCG,2013-04-01 00:00:00+00:00,2020-03-31 00:00:00+00:00,"1 LOWER MARSH, WATERLOO, LONDON, GREATER LONDON",SE1 7NT,,Y56
07Q,NHS BROMLEY,,CCG,2013-04-01 00:00:00+00:00,2020-03-31 00:00:00+00:00,"BECKENHAM BEACON, 379 CROYDON ROAD, BECKENHAM, KENT",BR3 3QL,,Y56
08L,NHS LEWISHAM,,CCG,2013-04-01 00:00:00+00:00,2020-03-31 00:00:00+00:00,"CANTILEVER HOUSE, ELTHAM ROAD, LEE, LONDON, GREATER LONDON",SE12 8RN,,Y56
07V,NHS CROYDON,,CCG,2013-04-01 00:00:00+00:00,2020-03-31 00:00:00+00:00,"LEON HOUSE, 233 HIGH STREET, CROYDON, SURREY",CR0 9XT,,Y56
08P,NHS RICHMOND,,CCG,2013-04-01 00:00:00+00:00,2020-03-31 00:00:00+00:00,"CIVIC CENTRE, 44 YORK STREET, TWICKENHAM, MIDDLESEX",TW1 3BZ,,Y56
08H,NHS ISLINGTON,,CCG,2013-04-01 00:00:00+00:00,2020-03-31 00:00:00+00:00,"2ND FLOOR, LAYCOCK PROFESSIONAL DEVELOPMENT, LAYCOCK STREET, LONDON, GREATER LONDON",N1 1TH,,Y56
07M,NHS BARNET,,CCG,2013-04-01 00:00:00+00:00,2020-03-31 00:00:00+00:00,"GROUND FLOOR, BUILDING 2, NORTH LONDON BUSINESS PARK, OAKLEIGH ROAD SOUTH, NEW SOUTHGATE, LONDON, GREATER LONDON",N11 1NP,,Y56
07X,NHS ENFIELD,,CCG,2013-04-01 00:00:00+00:00,2020-03-31 00:00:00+00:00,"HOLBROOK HOUSE, COCKFOSTERS ROAD, BARNET, HERTFORDSHIRE",EN4 0DY,,Y56
07R,NHS CAMDEN,,CCG,2013-04-01 00:00:00+00:00,2020-03-31 00:00:00+00:00,"EUSTON TOWER, 286 EUSTON ROAD, LONDON",NW1 3DP,,Y56
08D,NHS HARINGEY,,CCG,2013-04-01 00:00:00+00:00,2020-03-31 00:00:00+00:00,"RIVER PARK HOUSE, 225 HIGH ROAD, WOOD GREEN, LONDON, GREATER LONDON",N22 8HQ,,Y56
08A,NHS GREENWICH,,CCG,2013-04-01 00:00:00+00:00,2020-03-31 00:00:00+00:00,"THE WOOLWICH CENTRE, 35 WELLINGTON STREET, WOOLWICH, LONDON, GREATER LONDON",SE18 6ND,,Y56
08R,NHS MERTON,,CCG,2013-04-01 00:00:00+00:00,2020-03-31 00:00:00+00:00,"120 THE BROADWAY, WIMBLEDON, LONDON, GREATER LONDON",SW19 1RH,,Y56
07N,NHS BEXLEY,,CCG,2013-04-01 00:00:00+00:00,2020-03-31 00:00:00+00:00,"CIVIC OFFICES, 2 WATLING STREET, BEXLEYHEATH, KENT",DA6 7AT,,Y56
08J,NHS KINGSTON,,CCG,2013-04-01 00:00:00+00:00,2020-03-31 00:00:00+00:00,"3RD FLOOR, GUILDHALL 1, HIGH STREET, KINGSTON UPON THAMES, SURREY",KT1 1EU,,Y56
15G,SOUTH WEST SOUTH COMMISSIONING HUB,,Unknown,2018-04-01 00:00:00+00:00,2020-03-31 00:00:00+00:00,"NHS ENGLAND, QUARRY HOUSE, QUARRY HILL, LEEDS, WEST YORKSHIRE",LS2 7UE,,Y58
99N,NHS WILTSHIRE,,CCG,2013-04-01 00:00:00+00:00,2020-03-31 00:00:00+00:00,"SOUTHGATE HOUSE, PANS LANE, DEVIZES, WILTSHIRE",SN10 5EQ,,Y58
11E,NHS BATH AND NORTH EAST SOMERSET,,CCG,2013-04-01 00:00:00+00:00,2020-03-31 00:00:00+00:00,"ST MARTINS HOSPITAL, CLARA CROSS LANE, BATH, AVON",BA2 5RP,,Y58
15H,SOUTH WEST NORTH COMMISSIONING HUB,,Unknown,2018-04-01 00:00:00+00:00,2020-03-31 00:00:00+00:00,"NHS ENGLAND, QUARRY HOUSE, QUARRY HILL, LEEDS, WEST YORKSHIRE",LS2 7UE,,Y58
12D,NHS SWINDON,,CCG,2013-04-01 00:00:00+00:00,2020-03-31 00:00:00+00:00,"THE PIERRE SIMONET BUILDING, GATEWAY NORTH, LATHAM ROAD, SWINDON, WILTSHIRE",SN25 4DL,,Y58
13N,WESSEX COMMISSIONING HUB,,Unknown,2013-04-01 00:00:00+00:00,2020-03-31 00:00:00+00:00,"C/O NHS ENGLAND, 1W09, 1ST FLOOR, QUARRY HOUSE, QUARRY HILL, LEEDS, WEST YORKSHIRE",LS2 7UE,,Y59
09G,NHS COASTAL WEST SUSSEX,,CCG,2013-04-01 00:00:00+00:00,2020-03-31 00:00:00+00:00,"1 THE CAUSEWAY, GORING-BY-SEA, WORTHING, WEST SUSSEX",BN12 6BT,,Y59
09X,NHS HORSHAM AND MID SUSSEX,,CCG,2013-04-01 00:00:00+00:00,2020-03-31 00:00:00+00:00,"LOWER GROUND FLOOR, RED WING, CRAWLEY HOSPITAL, WEST GREEN DRIVE, CRAWLEY, WEST SUSSEX",RH11 7DH,,Y59
15J,"HAMPSHIRE, ISLE OF WIGHT AND THAMES VALLEY COMMISSIONING HUB",,Unknown,2018-04-01 00:00:00+00:00,2020-03-31 00:00:00+00:00,"NHS ENGLAND, QUARRY HOUSE, QUARRY HILL, LEEDS, WEST YORKSHIRE",LS2 7UE,,Y59
99K,NHS HIGH WEALD LEWES HAVENS,,CCG,2013-04-01 00:00:00+00:00,2020-03-31 00:00:00+00:00,"36-38 FRIARS WALK, LEWES, EAST SUSSEX",BN7 2PB,,Y59
99J,NHS WEST KENT,,CCG,2013-04-01 00:00:00+00:00,2020-03-31 00:00:00+00:00,"WHARF HOUSE, MEDWAY WHARF ROAD, TONBRIDGE, KENT",TN9 1RE,,Y59
10E,NHS THANET,,CCG,2013-04-01 00:00:00+00:00,2020-03-31 00:00:00+00:00,"THANET DISTRICT COUNCIL, CECIL STREET, MARGATE, KENT",CT9 1XZ,,Y59
09C,NHS ASHFORD,,CCG,2013-04-01 00:00:00+00:00,2020-03-31 00:00:00+00:00,"INCA HOUSE, TRINITY ROAD, EUREKA SCIENCE PARK, ASHFORD, KENT",TN25 4AB,,Y59
09E,NHS CANTERBURY AND COASTAL,,CCG,2013-04-01 00:00:00+00:00,2020-03-31 00:00:00+00:00,"COUNCIL OFFICES, MILITARY ROAD, CANTERBURY, KENT",CT1 1YW,,Y59
09N,NHS GUILDFORD AND WAVERLEY,,CCG,2013-04-01 00:00:00+00:00,2020-03-31 00:00:00+00:00,"DOMINION HOUSE, WOODBRIDGE ROAD, GUILDFORD",GU1 4PU,,Y59
09Y,NHS NORTH WEST SURREY,,CCG,2013-04-01 00:00:00+00:00,2020-03-31 00:00:00+00:00,"58 CHURCH STREET, WEYBRIDGE, SURREY",KT13 8DP,,Y59
15K,"KENT, SURREY AND SUSSEX COMMISSIONING HUB",,Unknown,2018-04-01 00:00:00+00:00,2020-03-31 00:00:00+00:00,"NHS ENGLAND, QUARRY HOUSE, QUARRY HILL, LEEDS, WEST YORKSHIRE",LS2 7UE,,Y59
09J,"NHS DARTFORD, GRAVESHAM AND SWANLEY",,CCG,2013-04-01 00:00:00+00:00,2020-03-31 00:00:00+00:00,"GRAVESHAM CIVIC CENTRE, WINDMILL STREET, GRAVESEND, KENT",DA12 1AU,,Y59
99H,NHS SURREY DOWNS,,CCG,2013-04-01 00:00:00+00:00,2020-03-31 00:00:00+00:00,"CEDAR COURT, 36 GUILDFORD ROAD, FETCHAM, LEATHERHEAD",KT22 9AE,,Y59
10D,NHS SWALE,,CCG,2013-04-01 00:00:00+00:00,2020-03-31 00:00:00+00:00,"BRAMBLEFIELD CLINIC, GROVEHURST ROAD, KEMSLEY, SITTINGBOURNE, KENT",ME10 2ST,,Y59
09F,"NHS EASTBOURNE, HAILSHAM AND SEAFORD",,CCG,2013-04-01 00:00:00+00:00,2020-03-31 00:00:00+00:00,"36-38 FRIARS WALK, LEWES, EAST SUSSEX",BN7 2PB,,Y59
14H,SOUTH CENTRAL COMMISSIONING HUB,,Unknown,2015-04-01 00:00:00+00:00,2020-03-31 00:00:00+00:00,"C/O NHS ENGLAND, 1W09, 1ST FLOOR, QUARRY HOUSE, QUARRY HILL, LEEDS, WEST YORKSHIRE",LS2 7UE,,Y59
09W,NHS MEDWAY,,CCG,2013-04-01 00:00:00+00:00,2020-03-31 00:00:00+00:00,"50 PEMBROKE COURT, CHATHAM MARITIME, CHATHAM, KENT",ME4 4EL,,Y59
09L,NHS EAST SURREY,,CCG,2013-04-01 00:00:00+00:00,2020-03-31 00:00:00+00:00,"TANDRIDGE DISTRICT COUNCIL, COUNCIL OFFICES, 8 STATION ROAD EAST, OXTED",RH8 0BT,,Y59
09P,NHS HASTINGS AND ROTHER,,CCG,2013-04-01 00:00:00+00:00,2020-03-31 00:00:00+00:00,"BEXHILL HOSPITAL, HOLLIERS HILL, BEXHILL-ON-SEA, EAST SUSSEX",TN40 2DZ,,Y59
14V,"KENT, SURREY AND SUSSEX - H&J COMMISSIONING HUB",,Unknown,2017-04-01 00:00:00+00:00,2020-03-31 00:00:00+00:00,"C/O NHS ENGLAND, 1W09, 1ST FLOOR, QUARRY HOUSE, QUARRY HILL, LEEDS, WEST YORKSHIRE",LS2 7UE,,Y59
14W,"HAMPSHIRE, ISLE OF WIGHT AND THAMES VALLEY - H&J COMMISSIONING HUB",,Unknown,2017-04-01 00:00:00+00:00,2020-03-31 00:00:00+00:00,"C/O NHS ENGLAND, 1W09, 1ST FLOOR, QUARRY HOUSE, QUARRY HILL, LEEDS, WEST YORKSHIRE",LS2 7UE,,Y59
09H,NHS CRAWLEY,,CCG,2013-04-01 00:00:00+00:00,2020-03-31 00:00:00+00:00,"LOWER GROUND FLOOR, RED WING, CRAWLEY HOSPITAL, WEST GREEN DRIVE, CRAWLEY, WEST SUSSEX",RH11 7DH,,Y59
10A,NHS SOUTH KENT COAST,,CCG,2013-04-01 00:00:00+00:00,2020-03-31 00:00:00+00:00,"DOVER DISTRICT COUNCIL, HONEYWOOD CLOSE, WHITFIELD, DOVER, KENT",CT16 3PJ,,Y59
03T,NHS LINCOLNSHIRE EAST,,CCG,2013-04-01 00:00:00+00:00,2020-03-31 00:00:00+00:00,"CROSS O CLIFF, BRACEBRIDGE HEATH, LINCOLN",LN4 2HN,,Y60
04G,NHS NENE,,CCG,2013-04-01 00:00:00+00:00,2020-03-31 00:00:00+00:00,"FRANCIS CRICK HOUSE, SUMMERHOUSE ROAD, MOULTON PARK INDUSTRIAL ESTATE, NORTHAMPTON, NORTHAMPTONSHIRE",NN3 6BF,,Y60
05F,NHS HEREFORDSHIRE,,CCG,2013-04-01 00:00:00+00:00,2020-03-31 00:00:00+00:00,"ST. OWENS CHAMBERS, 22 ST. OWEN STREET, HEREFORD, HEREFORDSHIRE",HR1 2PL,,Y60
05T,NHS SOUTH WORCESTERSHIRE,,CCG,2013-04-01 00:00:00+00:00,2020-03-31 00:00:00+00:00,"GROUND FLOOR, WEST WING, WORCESTERSHIRE COUNTRYSIDE CENTRE, WILDWOOD DRIVE, WORCESTER, WORCESTERSHIRE",WR5 2LG,,Y60
04E,NHS MANSFIELD AND ASHFIELD,,CCG,2013-04-01 00:00:00+00:00,2020-03-31 00:00:00+00:00,"HAWTHORN HOUSE, RANSOM WOOD B PARK, SOUTHWELL ROAD WEST, RAINWORTH, MANSFIELD, NOTTINGHAMSHIRE",NG21 0HJ,,Y60
03V,NHS CORBY,,CCG,2013-04-01 00:00:00+00:00,2020-03-31 00:00:00+00:00,"WILLOWBROOK HEALTH CENTRE, COTTINGHAM ROAD, CORBY, NORTHAMPTONSHIRE",NN17 2UR,,Y60
04L,NHS NOTTINGHAM NORTH AND EAST,,CCG,2013-04-01 00:00:00+00:00,2020-03-31 00:00:00+00:00,"GEDLING CIVIC CENTRE, ARNOT HILL PARK, ARNOLD, NOTTINGHAM, NOTTINGHAMSHIRE",NG5 0TE,,Y60
04M,NHS NOTTINGHAM WEST,,CCG,2013-04-01 00:00:00+00:00,2020-03-31 00:00:00+00:00,"STAPLEFORD CARE CENTRE, CHURCH STREET, STAPLEFORD, NOTTINGHAM, NOTTINGHAMSHIRE",NG9 8DB,,Y60
04K,NHS NOTTINGHAM CITY,,CCG,2013-04-01 00:00:00+00:00,2020-03-31 00:00:00+00:00,"1 STANDARD COURT, PARK ROW, NOTTINGHAM, NOTTINGHAMSHIRE",NG1 6GN,,Y60
06D,NHS WYRE FOREST,,CCG,2013-04-01 00:00:00+00:00,2020-03-31 00:00:00+00:00,"BARNSLEY COURT, BARNSLEY HALL ROAD, BROMSGROVE, WORCESTERSHIRE",B61 0TX,,Y60
04H,NHS NEWARK AND SHERWOOD,,CCG,2013-04-01 00:00:00+00:00,2020-03-31 00:00:00+00:00,"BALDERTON PRIMARY CARE CENTRE, LOWFIELD LANE, BALDERTON, NEWARK, NOTTINGHAMSHIRE",NG24 3HJ,,Y60
99D,NHS SOUTH LINCOLNSHIRE,,CCG,2013-04-01 00:00:00+00:00,2020-03-31 00:00:00+00:00,"BRIDGE HOUSE, THE POINT, LIONS WAY, SLEAFORD",NG34 8GG,,Y60
04N,NHS RUSHCLIFFE,,CCG,2013-04-01 00:00:00+00:00,2020-03-31 00:00:00+00:00,"EASTHORPE HOUSE, 165 LOUGHBOROUGH ROAD, RUDDINGTON, NOTTINGHAM, NOTTINGHAMSHIRE",NG11 6LQ,,Y60
14C,WEST MIDLANDS COMMISSIONING HUB,,Unknown,2015-04-01 00:00:00+00:00,2020-03-31 00:00:00+00:00,"C/O NHS ENGLAND, 1W09, 1ST FLOOR, QUARRY HOUSE, QUARRY HILL, LEEDS, WEST YORKSHIRE",LS2 7UE,,Y60
14D,CENTRAL MIDLANDS COMMISSIONING HUB,,Unknown,2015-04-01 00:00:00+00:00,2020-03-31 00:00:00+00:00,"C/O NHS ENGLAND, 1W09, 1ST FLOOR, QUARRY HOUSE, QUARRY HILL, LEEDS, WEST YORKSHIRE",LS2 7UE,,Y60
04Q,NHS SOUTH WEST LINCOLNSHIRE,,CCG,2013-04-01 00:00:00+00:00,2020-03-31 00:00:00+00:00,"BRIDGE HOUSE, THE POINT, LIONS WAY, SLEAFORD",NG34 8GG,,Y60
05J,NHS REDDITCH AND BROMSGROVE,,CCG,2013-04-01 00:00:00+00:00,2020-03-31 00:00:00+00:00,"BARNSLEY COURT, BARNSLEY HALL ROAD, BROMSGROVE, WORCESTERSHIRE",B61 0TX,,Y60
04D,NHS LINCOLNSHIRE WEST,,CCG,2013-04-01 00:00:00+00:00,2020-03-31 00:00:00+00:00,"CROSS O CLIFF, BRACEBRIDGE HEATH, LINCOLN",LN4 2HN,,Y60
06Y,NHS SOUTH NORFOLK,,CCG,2013-04-01 00:00:00+00:00,2020-03-31 00:00:00+00:00,"LAKESIDE 400, OLD CHAPEL WAY, BROADLAND BUSINESS PARK, NORWICH",NR7 0WG,,Y61
07J,NHS WEST NORFOLK,,CCG,2013-04-01 00:00:00+00:00,2020-03-31 00:00:00+00:00,"KINGS COURT, CHAPEL STREET, KING'S LYNN",PE30 1EL,,Y61
06M,NHS GREAT YARMOUTH AND WAVENEY,,CCG,2013-04-01 00:00:00+00:00,2020-03-31 00:00:00+00:00,"BECCLES HOUSE, 1 COMMON LANE NORTH, BECCLES",NR34 9BN,,Y61
06V,NHS NORTH NORFOLK,,CCG,2013-04-01 00:00:00+00:00,2020-03-31 00:00:00+00:00,"LAKESIDE 400, OLD CHAPEL WAY, BROADLAND BUSINESS PARK, NORWICH",NR7 0WG,,Y61
06W,NHS NORWICH,,CCG,2013-04-01 00:00:00+00:00,2020-03-31 00:00:00+00:00,"ROOM 202, NORWICH CITY HALL, ST PETERS STREET, NORWICH",NR2 1NH,,Y61
02F,NHS WEST CHESHIRE,,CCG,2013-04-01 00:00:00+00:00,2020-03-31 00:00:00+00:00,"1829 BUILDING, THE COUNTESS OF CHESTER HEALTH PARK, LIVERPOOL ROAD, CHESTER, CHESHIRE",CH2 1HJ,,Y62
13W,LANCASHIRE AND GREATER MANCHESTER COMMISSIONING HUB,,Unknown,2015-04-01 00:00:00+00:00,2020-03-31 00:00:00+00:00,"NHS ENGLAND, 1W09, 1ST FLOOR, QUARRY HOUSE, QUARRY HILL, LEEDS, WEST YORKSHIRE",LS2 7UE,,Y62
14K,LANCASHIRE COMMISSIONING HUB,,Unknown,2016-04-01 00:00:00+00:00,2020-03-31 00:00:00+00:00,"C/O NHS ENGLAND, 1W09 1ST FLOOR QUARRY HOUSE, QUARRY HILL, LEEDS, WEST YORKSHIRE",LS2 7UE,,Y62
01C,NHS EASTERN CHESHIRE,,CCG,2013-04-01 00:00:00+00:00,2020-03-31 00:00:00+00:00,"1ST FLOOR, WEST WING, NEW ALDERLERY HOUSE, VICTORIA ROAD MACCLESFIELD, CHESHIRE",SK10 3BL,,Y62
01R,NHS SOUTH CHESHIRE,,CCG,2013-04-01 00:00:00+00:00,2020-03-31 00:00:00+00:00,"BEVAN HOUSE, BARONY COURT, NANTWICH, CHESHIRE",CW5 5QU,,Y62
13Y,CHESHIRE AND MERSEYSIDE COMMISSIONING HUB,,Unknown,2015-04-01 00:00:00+00:00,2020-03-31 00:00:00+00:00,"C/O NHS ENGLAND, 1W09, 1ST FLOOR, QUARRY HOUSE, QUARRY HILL, LEEDS, WEST YORKSHIRE",LS2 7UE,,Y62
14J,GREATER MANCHESTER COMMISSIONING HUB,,Unknown,2016-04-01 00:00:00+00:00,2020-03-31 00:00:00+00:00,"4TH FLOOR, PICCADILLY PLACE, LONDON ROAD, MANCHESTER",M1 3BN,,Y62
02D,NHS VALE ROYAL,,CCG,2013-04-01 00:00:00+00:00,2020-03-31 00:00:00+00:00,"BEVAN HOUSE, BARONY COURT, NANTWICH, CHESHIRE",CW5 5QU,,Y62
14X,LANCASHIRE - H&J COMMISSIONING HUB,,Unknown,2017-04-01 00:00:00+00:00,2020-03-31 00:00:00+00:00,"C/O NHS ENGLAND, 1W09, 1ST FLOOR, QUARRY HOUSE, QUARRY HILL, LEEDS, WEST YORKSHIRE",LS2 7UE,,Y62
02W,NHS BRADFORD CITY,,CCG,2013-04-01 00:00:00+00:00,2020-03-31 00:00:00+00:00,"DOUGLAS MILLS, BOWLING OLD LANE, BRADFORD, WEST YORKSHIRE",BD5 7JR,,Y63
13V,YORKSHIRE AND HUMBER COMMISSIONING HUB,,Unknown,2015-04-01 00:00:00+00:00,2020-03-31 00:00:00+00:00,"C/O NHS ENGLAND, 1W09, 1ST FLOOR, QUARRY HOUSE, QUARRY HILL, LEEDS, WEST YORKSHIRE",LS2 7UE,,Y63
03D,"NHS HAMBLETON, RICHMONDSHIRE AND WHITBY",,CCG,2013-04-01 00:00:00+00:00,2020-03-31 00:00:00+00:00,"HAMBLETON DISTRICT COUNCIL, CIVIC CENTRE, STONECROSS, NORTHALLERTON, NORTH YORKSHIRE",DL6 2UU,,Y63
03E,NHS HARROGATE AND RURAL DISTRICT,,CCG,2013-04-01 00:00:00+00:00,2020-03-31 00:00:00+00:00,"1 GRIMBALD CRAG COURT, ST JAMES BUSINESS PARK, KNARESBOROUGH, NORTH YORKSHIRE",HG5 8QB,,Y63
03M,NHS SCARBOROUGH AND RYEDALE,,CCG,2013-04-01 00:00:00+00:00,2020-03-31 00:00:00+00:00,"SCARBOROUGH TOWN HALL, ST NICHOLAS STREET, SCARBOROUGH, NORTH YORKSHIRE",YO11 2HG,,Y63
00C,NHS DARLINGTON,,CCG,2013-04-01 00:00:00+00:00,2020-03-31 00:00:00+00:00,"C/O BILLINGHAM HEALTH CENTRE, QUEENSWAY, BILLINGHAM, CLEVELAND",TS23 2LA,,Y63
00K,NHS HARTLEPOOL AND STOCKTON-ON-TEES,,CCG,2013-04-01 00:00:00+00:00,2020-03-31 00:00:00+00:00,"BILLINGHAM HEALTH CENTRE, QUEENSWAY, BILLINGHAM, CLEVELAND",TS23 2LA,,Y63
02N,"NHS AIREDALE, WHARFEDALE AND CRAVEN",,CCG,2013-04-01 00:00:00+00:00,2020-03-31 00:00:00+00:00,"DOUGLAS MILLS, BOWLING OLD LANE, BRADFORD, WEST YORKSHIRE",BD5 7JR,,Y63
14N,YORKSHIRE AND HUMBER - H&J COMMISSIONING HUB,,Unknown,2017-04-01 00:00:00+00:00,2020-03-31 00:00:00+00:00,"C/O NHS ENGLAND, 1W09, 1ST FLOOR, QUARRY HOUSE, QUARRY HILL, LEEDS, WEST YORKSHIRE",LS2 7UE,,Y63
14P,CUMBRIA AND NORTH EAST - H&J COMMISSIONING HUB,,Unknown,2017-04-01 00:00:00+00:00,2020-03-31 00:00:00+00:00,"C/O NHS ENGLAND, 1W09, 1ST FLOOR, QUARRY HOUSE, QUARRY HILL, LEEDS, WEST YORKSHIRE",LS2 7UE,,Y63
00D,"NHS DURHAM DALES, EASINGTON AND SEDGEFIELD",,CCG,2013-04-01 00:00:00+00:00,2020-03-31 00:00:00+00:00,"SEDGEFIELD COMMUNITY HOSPITAL, SALTERS LANE, SEDGEFIELD, STOCKTON-ON-TEES, CLEVELAND",TS21 3EE,,Y63
00M,NHS SOUTH TEES,,CCG,2013-04-01 00:00:00+00:00,2020-03-31 00:00:00+00:00,"NORTH ORMESBY HEALTH VILLAGE, 11 TRINITY MEWS, NORTH ORMESBY, MIDDLESBROUGH, CLEVELAND",TS3 6AL,,Y63
02R,NHS BRADFORD DISTRICTS,,CCG,2013-04-01 00:00:00+00:00,2020-03-31 00:00:00+00:00,"DOUGLAS MILLS, BOWLING OLD LANE, BRADFORD, WEST YORKSHIRE",BD5 7JR,,Y63
13X,CUMBRIA AND NORTH EAST COMMISSIONING HUB,,Unknown,2015-04-01 00:00:00+00:00,2020-03-31 00:00:00+00:00,"C/O NHS ENGLAND, 1W09, 1ST FLOOR, QUARRY HOUSE, QUARRY HILL, LEEDS, WEST YORKSHIRE",LS2 7UE,,Y63
00J,NHS NORTH DURHAM,,CCG,2013-04-01 00:00:00+00:00,2020-03-31 00:00:00+00:00,"SEDGEFIELD COMMUNITY HOSPITAL, SALTERS LANE, SEDGEFIELD, STOCKTON-ON-TEES, CLEVELAND",TS21 3EE,,Y63
04J,NHS NORTH DERBYSHIRE,,CCG,2013-04-01 00:00:00+00:00,2019-03-31 00:00:00+00:00,"SCARSDALE HOSPITAL, NIGHTINGALE CLOSE, OFF NEWBOLD ROAD, CHESTERFIELD, DERBYSHIRE",S41 7PF,,Y55
04R,NHS SOUTHERN DERBYSHIRE,,CCG,2013-04-01 00:00:00+00:00,2019-03-31 00:00:00+00:00,"CARDINAL SQUARE, 1ST FLOOR, NORTH POINT, 10 NOTTINGHAM ROAD, DERBY, DERBYSHIRE",DE1 3QT,,Y55
03Y,NHS HARDWICK,,CCG,2013-04-01 00:00:00+00:00,2019-03-31 00:00:00+00:00,"SCARSDALE HOSPITAL, NIGHTINGALE CLOSE, OFF NEWBOLD ROAD, CHESTERFIELD, DERBYSHIRE",S41 7PF,,Y55
03X,NHS EREWASH,,CCG,2013-04-01 00:00:00+00:00,2019-03-31 00:00:00+00:00,"TOLL BAR HOUSE, 1 DERBY ROAD, ILKESTON, DERBYSHIRE",DE7 5FH,,Y55
99P,"NHS NORTHERN, EASTERN AND WESTERN DEVON",,CCG,2013-04-01 00:00:00+00:00,2019-03-31 00:00:00+00:00,"NEWCOURT HOUSE, OLD RYDON LANE, EXETER, DEVON",EX2 7JU,,Y58
99Q,NHS SOUTH DEVON AND TORBAY,,CCG,2013-04-01 00:00:00+00:00,2019-03-31 00:00:00+00:00,"POMONA HOUSE, OAK VIEW CLOSE, TORQUAY, DEVON",TQ2 7FF,,Y58
13H,"BRISTOL, NORTH SOMERSET, SOMERSET AND SOUTH GLOUCESTERSHIRE COMMISSIONING HUB",,Unknown,2013-04-01 00:00:00+00:00,2015-03-31 00:00:00+00:00,"C/O NHS COMMISSIONING BOARD, 1W09, 1ST FLOOR, QUARRY HOUSE, QUARRY HILL, LEEDS, WEST YORKSHIRE",LS2 7UE,,
13K,KENT AND MEDWAY COMMISSIONING HUB,,Unknown,2013-04-01 00:00:00+00:00,2015-03-31 00:00:00+00:00,"C/O NHS COMMISSIONING BOARD, 1W09, 1ST FLOOR, QUARRY HOUSE, QUARRY HILL, LEEDS, WEST YORKSHIRE",LS2 7UE,,
13L,SURREY AND SUSSEX COMMISSIONING HUB,,Unknown,2013-04-01 00:00:00+00:00,2015-03-31 00:00:00+00:00,"C/O NHS COMMISSIONING BOARD, 1W09, 1ST FLOOR, QUARRY HOUSE, QUARRY HILL, LEEDS, WEST YORKSHIRE",LS2 7UE,,
13M,THAMES VALLEY COMMISSIONING HUB,,Unknown,2013-04-01 00:00:00+00:00,2015-03-31 00:00:00+00:00,"C/O NHS COMMISSIONING BOARD, 1W09, 1ST FLOOR, QUARRY HOUSE, QUARRY HILL, LEEDS, WEST YORKSHIRE",LS2 7UE,,
12V,DERBYSHIRE AND NOTTINGHAMSHIRE COMMISSIONING HUB,,Unknown,2013-04-01 00:00:00+00:00,2015-03-31 00:00:00+00:00,"C/O NHS COMMISSIONING BOARD, 1W09, 1ST FLOOR, QUARRY HOUSE, QUARRY HILL, LEEDS, WEST YORKSHIRE",LS2 7UE,,
12Q,WEST YORKSHIRE COMMISSIONING HUB,,Unknown,2013-04-01 00:00:00+00:00,2015-03-31 00:00:00+00:00,"C/O NHS COMMISSIONING BOARD, 1W09, 1ST FLOOR, QUARRY HOUSE, QUARRY HILL, LEEDS, WEST YORKSHIRE",LS2 7UE,,
12H,"DURHAM, DARLINGTON AND TEES COMMISSIONING HUB",,Unknown,2013-04-01 00:00:00+00:00,2015-03-31 00:00:00+00:00,"C/O NHS COMMISSIONING BOARD, 1W09, 1ST FLOOR, QUARRY HOUSE, QUARRY HILL, LEEDS, WEST YORKSHIRE",LS2 7UE,,
12W,EAST ANGLIA COMMISSIONING HUB,,Unknown,2013-04-01 00:00:00+00:00,2015-03-31 00:00:00+00:00,"C/O NHS COMMISSIONING BOARD, 1W09, 1ST FLOOR, QUARRY HOUSE, QUARRY HILL, LEEDS, WEST YORKSHIRE",LS2 7UE,,
13A,LEICESTERSHIRE AND LINCOLNSHIRE COMMISSIONING HUB,,Unknown,2013-04-01 00:00:00+00:00,2015-03-31 00:00:00+00:00,"C/O NHS COMMISSIONING BOARD, 1W09, 1ST FLOOR, QUARRY HOUSE, QUARRY HILL, LEEDS, WEST YORKSHIRE",LS2 7UE,,
12N,NORTH YORKSHIRE AND HUMBER COMMISSIONING HUB,,Unknown,2013-04-01 00:00:00+00:00,2015-03-31 00:00:00+00:00,"C/O NHS COMMISSIONING BOARD, 1W09, 1ST FLOOR, QUARRY HOUSE, QUARRY HILL, LEEDS, WEST YORKSHIRE",LS2 7UE,,
00F,NHS GATESHEAD,,CCG,2013-04-01 00:00:00+00:00,2015-03-31 00:00:00+00:00,"RIVERSIDE HOUSE, GOLDCREST WAY, NEWBURN RIVERSIDE, NEWCASTLE UPON TYNE, TYNE AND WEAR",NE15 8NY,,
12J,GREATER MANCHESTER COMMISSIONING HUB,,Unknown,2013-04-01 00:00:00+00:00,2015-03-31 00:00:00+00:00,"C/O NHS COMMISSIONING BOARD, 1W09, 1ST FLOOR, QUARRY HOUSE, QUARRY HILL, LEEDS, WEST YORKSHIRE",LS2 7UE,,
00H,NHS NEWCASTLE WEST,,CCG,2013-04-01 00:00:00+00:00,2015-03-31 00:00:00+00:00,"RIVERSIDE HOUSE, GOLDCREST WAY, NEWBURN RIVERSIDE, NEWCASTLE UPON TYNE, TYNE AND WEAR",NE15 8NY,,
12G,"CHESHIRE, WARRINGTON AND WIRRAL COMMISSIONING HUB",,Unknown,2013-04-01 00:00:00+00:00,2015-03-31 00:00:00+00:00,"C/O NHS COMMISSIONING BOARD, 1W09, 1ST FLOOR, QUARRY HOUSE, QUARRY HILL, LEEDS, WEST YORKSHIRE",LS2 7UE,,
12K,LANCASHIRE COMMISSIONING HUB,,Unknown,2013-04-01 00:00:00+00:00,2015-03-31 00:00:00+00:00,"C/O NHS COMMISSIONING BOARD, 1W09, 1ST FLOOR, QUARRY HOUSE, QUARRY HILL, LEEDS, WEST YORKSHIRE",LS2 7UE,,
12L,MERSEYSIDE COMMISSIONING HUB,,Unknown,2013-04-01 00:00:00+00:00,2015-03-31 00:00:00+00:00,"C/O NHS COMMISSIONING BOARD, 1W09, 1ST FLOOR, QUARRY HOUSE, QUARRY HILL, LEEDS, WEST YORKSHIRE",LS2 7UE,,
12M,"CUMBRIA, NORTHUMBERLAND, TYNE AND WEAR COMMISSIONING HUB",,Unknown,2013-04-01 00:00:00+00:00,2015-03-31 00:00:00+00:00,"C/O NHS COMMISSIONING BOARD, 1W09, 1ST FLOOR, QUARRY HOUSE, QUARRY HILL, LEEDS, WEST YORKSHIRE",LS2 7UE,,
12P,SOUTH YORKSHIRE AND BASSETLAW COMMISSIONING HUB,,Unknown,2013-04-01 00:00:00+00:00,2015-03-31 00:00:00+00:00,"C/O NHS COMMISSIONING BOARD, 1W09, 1ST FLOOR, QUARRY HOUSE, QUARRY HILL, LEEDS, WEST YORKSHIRE",LS2 7UE,,
12R,"ARDEN, HEREFORDSHIRE AND WORCESTERSHIRE COMMISSIONING HUB",,Unknown,2013-04-01 00:00:00+00:00,2015-03-31 00:00:00+00:00,"C/O NHS COMMISSIONING BOARD, 1W09, 1ST FLOOR, QUARRY HOUSE, QUARRY HILL, LEEDS, WEST YORKSHIRE",LS2 7UE,,
12T,BIRMINGHAM AND THE BLACK COUNTRY COMMISSIONING HUB,,Unknown,2013-04-01 00:00:00+00:00,2015-03-31 00:00:00+00:00,"C/O NHS COMMISSIONING BOARD, 1W09, 1ST FLOOR, QUARRY HOUSE, QUARRY HILL, LEEDS, WEST YORKSHIRE",LS2 7UE,,
12X,ESSEX COMMISSIONING HUB,,Unknown,2013-04-01 00:00:00+00:00,2015-03-31 00:00:00+00:00,"C/O NHS COMMISSIONING BOARD, 1W09, 1ST FLOOR, QUARRY HOUSE, QUARRY HILL, LEEDS, WEST YORKSHIRE",LS2 7UE,,
12Y,HERTFORDSHIRE AND THE SOUTH MIDLANDS COMMISSIONING HUB,,Unknown,2013-04-01 00:00:00+00:00,2015-03-31 00:00:00+00:00,"C/O NHS COMMISSIONING BOARD, 1W09, 1ST FLOOR, QUARRY HOUSE, QUARRY HILL, LEEDS, WEST YORKSHIRE",LS2 7UE,,
13C,SHROPSHIRE AND STAFFORDSHIRE COMMISSIONING HUB,,Unknown,2013-04-01 00:00:00+00:00,2015-03-31 00:00:00+00:00,"C/O NHS COMMISSIONING BOARD, 1W09, 1ST FLOOR, QUARRY HOUSE, QUARRY HILL, LEEDS, WEST YORKSHIRE",LS2 7UE,,
13G,"BATH, GLOUCESTERSHIRE, SWINDON AND WILTSHIRE COMMISSIONING HUB",,Unknown,2013-04-01 00:00:00+00:00,2015-03-31 00:00:00+00:00,"C/O NHS COMMISSIONING BOARD, 1W09, 1ST FLOOR, QUARRY HOUSE, QUARRY HILL, LEEDS, WEST YORKSHIRE",LS2 7UE,,
13J,"DEVON, CORNWALL AND ISLES OF SCILLY COMMISSIONING HUB",,Unknown,2013-04-01 00:00:00+00:00,2015-03-31 00:00:00+00:00,"C/O NHS COMMISSIONING BOARD, 1W09, 1ST FLOOR, QUARRY HOUSE, QUARRY HILL, LEEDS, WEST YORKSHIRE",LS2 7UE,,
00G,NHS NEWCASTLE NORTH AND EAST,,CCG,2013-04-01 00:00:00+00:00,2015-03-31 00:00:00+00:00,"RIVERSIDE HOUSE, GOLDCREST WAY, NEWBURN RIVERSIDE, NEWCASTLE UPON TYNE, TYNE AND WEAR",NE15 8NY,,
03C,NHS LEEDS WEST,,CCG,2013-04-01 00:00:00+00:00,2018-03-31 00:00:00+00:00,"UNITS 2-4 WIRA BUSINESS PARK, RING ROAD, WEST PARK, LEEDS, WEST YORKSHIRE",LS16 6EB,,Y54
02V,NHS LEEDS NORTH,,CCG,2013-04-01 00:00:00+00:00,2018-03-31 00:00:00+00:00,"LEAFIELD HOUSE, 107-109 KING LANE, LEEDS, WEST YORKSHIRE",LS17 5BP,,Y54
03G,NHS LEEDS SOUTH AND EAST,,CCG,2013-04-01 00:00:00+00:00,2018-03-31 00:00:00+00:00,"3200 CENTURY WAY, THORPE PARK, LEEDS, WEST YORKSHIRE",LS15 8ZB,,Y54
13P,NHS BIRMINGHAM CROSSCITY,,CCG,2013-04-01 00:00:00+00:00,2018-03-31 00:00:00+00:00,"BARTHOLOMEW HOUSE, 142 HAGLEY ROAD, BIRMINGHAM, WEST MIDLANDS",B16 9PA,,Y55
04X,NHS BIRMINGHAM SOUTH AND CENTRAL,,CCG,2013-04-01 00:00:00+00:00,2018-03-31 00:00:00+00:00,"BARTHOLOMEW HOUSE, 142 HAGLEY ROAD, BIRMINGHAM, WEST MIDLANDS",B16 9PA,,Y55
05P,NHS SOLIHULL,,CCG,2013-04-01 00:00:00+00:00,2018-03-31 00:00:00+00:00,"FRIARS GATE, 1011 STRATFORD ROAD, SHIRLEY, SOLIHULL, WEST MIDLANDS",B90 4BN,,Y55
10Y,NHS AYLESBURY VALE,,CCG,2013-04-01 00:00:00+00:00,2018-03-31 00:00:00+00:00,"VERNEY HOUSE, GATESHEAD ROAD, AYLESBURY, BUCKINGHAMSHIRE",HP19 8ET,,Y57
10H,NHS CHILTERN,,CCG,2013-04-01 00:00:00+00:00,2018-03-31 00:00:00+00:00,"ROOM XR37, 2ND FLOOR, AMERSHAM HOSPITAL, WHIELDEN STREET, AMERSHAM, BUCKINGHAMSHIRE",HP7 0JD,,Y57
11T,NHS NORTH SOMERSET,,CCG,2013-04-01 00:00:00+00:00,2018-03-31 00:00:00+00:00,"CASTLEWOOD, TICKENHAM ROAD, CLEVEDON, AVON",BS21 6FW,,Y57
11D,NHS WOKINGHAM,,CCG,2013-04-01 00:00:00+00:00,2018-03-31 00:00:00+00:00,"CHALFONT SURGERY, CHALFONT CLOSE, EARLEY, READING, BERKSHIRE",RG6 5HZ,,Y57
10T,NHS SLOUGH,,CCG,2013-04-01 00:00:00+00:00,2018-03-31 00:00:00+00:00,"UPTON HOSPITAL, ALBERT STREET, SLOUGH, BERKSHIRE",SL1 2BJ,,Y57
10N,NHS NORTH AND WEST READING,,CCG,2013-04-01 00:00:00+00:00,2018-03-31 00:00:00+00:00,"57-59 BATH ROAD, READING, BERKSHIRE",RG30 2BA,,Y57
10W,NHS SOUTH READING,,CCG,2013-04-01 00:00:00+00:00,2018-03-31 00:00:00+00:00,"UNIVERSITY MEDICAL CENTRE, 9-11 NORTHCOURT AVENUE, READING, BERKSHIRE",RG2 7HE,,Y57
12A,NHS SOUTH GLOUCESTERSHIRE,,CCG,2013-04-01 00:00:00+00:00,2018-03-31 00:00:00+00:00,"CORUM 2, CORUM OFFICE PARK, CROWN WAY, WARMLEY, BRISTOL, AVON",BS30 8FJ,,Y57
11C,"NHS WINDSOR, ASCOT AND MAIDENHEAD",,CCG,2013-04-01 00:00:00+00:00,2018-03-31 00:00:00+00:00,"KING EDWARD VII HOSPITAL, ST LEONARD ROAD, WINDSOR, BERKSHIRE",SL4 3DP,,Y57
11H,NHS BRISTOL,,CCG,2013-04-01 00:00:00+00:00,2018-03-31 00:00:00+00:00,"SOUTH PLAZA, MARLBOROUGH STREET, BRISTOL, AVON",BS1 3NX,,Y57
10M,NHS NEWBURY AND DISTRICT,,CCG,2013-04-01 00:00:00+00:00,2018-03-31 00:00:00+00:00,"23A KINGFISHER COURT, HAMBRIDGE ROAD, NEWBURY, BERKSHIRE",RG14 5SJ,,Y57
10G,NHS BRACKNELL AND ASCOT,,CCG,2013-04-01 00:00:00+00:00,2018-03-31 00:00:00+00:00,"KING EDWARD VII HOSPITAL, ST. LEONARDS ROAD, WINDSOR, BERKSHIRE",SL4 3DP,,Y57
08M,NHS NEWHAM,,CCG,2013-04-01 00:00:00+00:00,2021-03-31 00:00:00+00:00,"4TH FLOOR, UNEX TOWER, 5 STATION STREET, LONDON",E15 1DA,,Y56
08C,NHS HAMMERSMITH AND FULHAM,,CCG,2013-04-01 00:00:00+00:00,2021-03-31 00:00:00+00:00,"15 MARYLEBONE ROAD, LONDON",NW1 5JD,,Y56
08W,NHS WALTHAM FOREST,,CCG,2013-04-01 00:00:00+00:00,2021-03-31 00:00:00+00:00,"KIRKDALE HOUSE, 7 KIRKDALE ROAD, LONDON",E11 1HP,,Y56
08E,NHS HARROW,,CCG,2013-04-01 00:00:00+00:00,2021-03-31 00:00:00+00:00,"4TH FLOOR, THE HEIGHTS, 59-65 LOWLANDS ROAD, HARROW",HA1 3AW,,Y56
07L,NHS BARKING AND DAGENHAM,,CCG,2013-04-01 00:00:00+00:00,2021-03-31 00:00:00+00:00,"6TH FLOOR, NORTH HOUSE, ST. EDWARDS WAY, ROMFORD",RM1 3AE,,Y56
07W,NHS EALING,,CCG,2013-04-01 00:00:00+00:00,2021-03-31 00:00:00+00:00,"PERCEVAL HOUSE, 14-16 UXBRIDGE ROAD, LONDON",W5 2HL,,Y56
08V,NHS TOWER HAMLETS,,CCG,2013-04-01 00:00:00+00:00,2021-03-31 00:00:00+00:00,"2ND FLOOR ALDERNEY BUILDING, MILE END HOSPITAL, BANCROFT ROAD, LONDON",E1 4DG,,Y56
07Y,NHS HOUNSLOW,,CCG,2013-04-01 00:00:00+00:00,2021-03-31 00:00:00+00:00,"HOUNSLOW HOUSE, 5TH FLOOR, 7 BATH ROAD, HOUNSLOW",TW3 3EB,,Y56
07T,NHS CITY AND HACKNEY,,CCG,2013-04-01 00:00:00+00:00,2021-03-31 00:00:00+00:00,"3RD FLOOR A BLOCK, ST LEONARDS HOSPITAL, NUTTALL STREET, LONDON, GREATER LONDON",N1 5LZ,,Y56
08Y,NHS WEST LONDON,,CCG,2013-04-01 00:00:00+00:00,2021-03-31 00:00:00+00:00,"15 MARYLEBONE ROAD, LONDON",NW1 5JD,,Y56
09A,NHS CENTRAL LONDON (WESTMINSTER),,CCG,2013-04-01 00:00:00+00:00,2021-03-31 00:00:00+00:00,"15 MARYLEBONE ROAD, LONDON",NW1 5JD,,Y56
07P,NHS BRENT,,CCG,2013-04-01 00:00:00+00:00,2021-03-31 00:00:00+00:00,"WEMBLEY CENTRE FOR HEALTH & CARE, CHAPLIN ROAD, WEMBLEY",HA0 4UZ,,Y56
08N,NHS REDBRIDGE,,CCG,2013-04-01 00:00:00+00:00,2021-03-31 00:00:00+00:00,"6TH FLOOR, NORTH HOUSE, ST EDWARDS WAY, ROMFORD",RM1 3AE,,Y56
08F,NHS HAVERING,,CCG,2013-04-01 00:00:00+00:00,2021-03-31 00:00:00+00:00,"6TH FLOOR, NORTH HOUSE, ST EDWARDS WAY, ROMFORD",RM1 3AE,,Y56
08G,NHS HILLINGDON,,CCG,2013-04-01 00:00:00+00:00,2021-03-31 00:00:00+00:00,"BOUNDARY HOUSE, CRICKET FIELD ROAD, UXBRIDGE, GREATER LONDON",UB8 1QG,,Y56
11A,NHS WEST HAMPSHIRE,,CCG,2013-04-01 00:00:00+00:00,2021-03-31 00:00:00+00:00,"OMEGA HOUSE, 112 SOUTHAMPTON ROAD, EASTLEIGH",SO50 5PB,,Y59
10K,NHS FAREHAM AND GOSPORT,,CCG,2013-04-01 00:00:00+00:00,2021-03-31 00:00:00+00:00,"COMMCEN BUILDING, FORT SOUTHWICK, JAMES CALLAGHAN DRIVE, FAREHAM",PO17 6AR,,Y59
10C,NHS SURREY HEATH,,CCG,2013-04-01 00:00:00+00:00,2021-03-31 00:00:00+00:00,"SURREY HEATH HOUSE, KNOLL ROAD, CAMBERLEY, SURREY",GU15 3HD,,Y59
10X,NHS SOUTHAMPTON,,CCG,2013-04-01 00:00:00+00:00,2021-03-31 00:00:00+00:00,"OAKLEY ROAD, SOUTHAMPTON",SO16 4GX,,Y59
10L,NHS ISLE OF WIGHT,,CCG,2013-04-01 00:00:00+00:00,2021-03-31 00:00:00+00:00,"UNIT A, THE APEX, ST CROSS BUSINESS PARK, NEWPORT",PO30 5XW,,Y59
10J,NHS NORTH HAMPSHIRE,,CCG,2013-04-01 00:00:00+00:00,2021-03-31 00:00:00+00:00,"CENTRAL 40 LIME TREE WAY, CROCKFORD LANE, CHINEHAM BUSINESS PARK, CHINEHAM, BASINGSTOKE, HAMPSHIRE",RG24 8GU,,Y59
15D,NHS EAST BERKSHIRE,,CCG,2018-04-01 00:00:00+00:00,2021-03-31 00:00:00+00:00,"KING EDWARD VII HOSPITAL, ST LEONARDS ROAD, WINDSOR",SL4 3DP,,Y59
10V,NHS SOUTH EASTERN HAMPSHIRE,,CCG,2013-04-01 00:00:00+00:00,2021-03-31 00:00:00+00:00,"COMMCEN BUILDING, FORT SOUTHWICK, JAMES CALLAGHAN DRIVE, FAREHAM",PO17 6AR,,Y59
99M,NHS NORTH EAST HAMPSHIRE AND FARNHAM,,CCG,2013-04-01 00:00:00+00:00,2021-03-31 00:00:00+00:00,"ALDERSHOT CENTRE FOR HEALTH, HOSPITAL HILL, ALDERSHOT",GU11 1AY,,Y59
05Y,NHS WALSALL,,CCG,2013-04-01 00:00:00+00:00,2021-03-31 00:00:00+00:00,"JUBILEE HOUSE, BLOXWICH LANE, WALSALL",WS2 7JL,,Y60
05R,NHS SOUTH WARWICKSHIRE,,CCG,2013-04-01 00:00:00+00:00,2021-03-31 00:00:00+00:00,"WESTGATE HOUSE, 21 MARKET STREET, WARWICK, WARWICKSHIRE",CV34 4DE,,Y60
05N,NHS SHROPSHIRE,,CCG,2013-04-01 00:00:00+00:00,2021-03-31 00:00:00+00:00,"WILLIAM FARR HOUSE, MYTTON OAK ROAD, SHREWSBURY, SHROPSHIRE",SY3 8XL,,Y60
05C,NHS DUDLEY,,CCG,2013-04-01 00:00:00+00:00,2021-03-31 00:00:00+00:00,"BRIERLEY HILL HEALTH & SOCIAL CARE, VENTURE WAY, BRIERLEY HILL",DY5 1RU,,Y60
05L,NHS SANDWELL AND WEST BIRMINGHAM,,CCG,2013-04-01 00:00:00+00:00,2021-03-31 00:00:00+00:00,"KINGSTON HOUSE, 438-450 HIGH STREET, WEST BROMWICH",B70 9LD,,Y60
05H,NHS WARWICKSHIRE NORTH,,CCG,2013-04-01 00:00:00+00:00,2021-03-31 00:00:00+00:00,"WESTGATE HOUSE, 21 MARKET STREET, WARWICK, WARWICKSHIRE",CV34 4DE,,Y60
05X,NHS TELFORD AND WREKIN,,CCG,2013-04-01 00:00:00+00:00,2021-03-31 00:00:00+00:00,"HALESFIELD 6, EPIC PARK, TELFORD, SHROPSHIRE",TF7 4BF,,Y60
06A,NHS WOLVERHAMPTON,,CCG,2013-04-01 00:00:00+00:00,2021-03-31 00:00:00+00:00,"TECHNOLOGY CENTRE, GLAISHER DRIVE, WOLVERHAMPTON SCIENCE PARK, WOLVERHAMPTON, WEST MIDLANDS",WV10 9RU,,Y60
05A,NHS COVENTRY AND RUGBY,,CCG,2013-04-01 00:00:00+00:00,2021-03-31 00:00:00+00:00,"PARKSIDE HOUSE, QUINTON ROAD, COVENTRY, WEST MIDLANDS",CV1 2NJ,,Y60
06F,NHS BEDFORDSHIRE,,CCG,2013-04-01 00:00:00+00:00,2021-03-31 00:00:00+00:00,"CAPABILITY HOUSE, WREST PARK, SILSOE, BEDFORD, BEDFORDSHIRE",MK45 4HR,,Y61
04F,NHS MILTON KEYNES,,CCG,2013-04-01 00:00:00+00:00,2021-03-31 00:00:00+00:00,"SHERWOOD PLACE, 155 SHERWOOD DRIVE, BLETCHLEY, MILTON KEYNES",MK3 6RT,,Y61
06P,NHS LUTON,,CCG,2013-04-01 00:00:00+00:00,2021-03-31 00:00:00+00:00,"3RD FLOOR, ARNDALE HOUSE, THE MALL, LUTON",LU1 2LJ,,Y61
03A,NHS GREATER HUDDERSFIELD,,CCG,2013-04-01 00:00:00+00:00,2021-03-31 00:00:00+00:00,"BROAD LEA HOUSE, DYSON WOOD WAY, BRADLEY, HUDDERSFIELD",HD2 1GZ,,Y63
03J,NHS NORTH KIRKLEES,,CCG,2013-04-01 00:00:00+00:00,2021-03-31 00:00:00+00:00,"4TH FLOOR, EMPIRE HOUSE, WAKEFIELD ROAD, DEWSBURY, WEST YORKSHIRE",WF12 8DJ,,Y63
